X1,X2,X3,X4,X5,X6,X7,X8
6.272646168,2.550910325,6.577791137,9.460077318,5.64954424,0.570896522,3.765023721,5.106109026
-1.798068588,-0.916809313,3.431620024,4.002850286,-2.096944398,-3.035373469,-1.699812084,-5.640483977
6.032972069,6.142292838,6.005361484,11.87705778,3.633925836,4.773166071,5.894295015,6.017212187
-2.095267547,-2.850398051,3.14465771,3.364193038,-1.57362828,-5.132369646,-4.534143798,-6.295076097
0.733321907,-2.895519444,2.995482053,4.372469658,1.530256501,-4.696703725,-2.683880894,-2.47827529
1.000997695,2.112294246,5.045636654,7.147082248,0.036786296,0.406145839,1.258421298,-1.078993742
7.33318791,6.07551562,6.210788871,12.29531743,5.326045412,3.456533158,5.737381915,7.185917648
4.337771997,0.344884346,4.625744063,7.419322011,4.35357555,-1.919330872,0.088327332,2.342323395
7.319089302,-0.172510715,4.45072519,8.027947549,7.61468848,-0.726931131,0.251688492,5.932515266
1.944388543,1.358832962,4.180568474,6.373755206,1.147118302,-0.545105346,-0.185808067,-0.723225042
-8.824310054,-5.157727029,1.35417255,-1.575966633,-7.977529189,-6.406039739,-9.118252652,-14.90803138
-0.318761262,1.12337431,4.776854211,5.801117155,-1.323245601,0.114739925,0.596510938,-3.242305715
10.07658993,5.792032931,7.737464985,13.42583896,7.934713399,4.247974805,6.73886798,9.571768825
-0.850843498,1.594933298,3.339249703,7.151710417,-2.03670747,-0.330050725,-0.268231246,-3.826736151
3.048980427,-2.606497347,3.873394147,4.006269052,3.746239242,-3.859612991,-4.005496266,0.808140708
2.414742875,0.551337339,4.582919749,6.941539446,1.944353907,-2.377105203,0.507003692,0.113051886
8.141133001,2.571214215,6.127357345,9.596497563,7.348314332,1.385184788,2.862871964,7.362943905
-1.223172829,5.534174336,4.96122596,9.29457741,-4.168389328,1.990146828,2.757313302,-3.425157173
4.046051084,4.667223811,5.807248893,10.98827797,2.350664104,1.652599376,4.123922904,2.724762842
-1.942991481,0.678954258,3.474815596,5.51278565,-2.965195527,-1.68172781,-1.060809784,-5.427652061
17.24748366,8.842461508,9.097579155,18.02238516,14.94134589,6.77563623,11.79254587,19.88053436
4.218824951,-0.352292922,4.433975431,6.956443944,4.270638356,-3.463067587,-1.562237395,1.882014793
7.809297252,2.393893557,5.688249775,9.181214119,6.881668764,0.883817162,1.005953199,6.945465177
1.593595496,5.011151505,5.820682283,10.54266271,-0.586573545,3.125516898,2.587177338,-0.323416026
4.13230795,6.042706495,5.42949185,11.19170443,1.598459855,3.262668751,4.748271899,2.898606458
3.386612864,4.01298301,5.277513833,10.13690931,1.800712558,1.075418063,1.903560507,1.646269757
8.380589291,4.547886252,5.997992151,12.11555493,6.938745932,1.890555606,4.370206881,7.765893805
0.716590597,0.021431572,4.458330729,6.359812736,0.528211622,-2.628212708,-1.514936664,-2.59546083
7.282547673,4.953483437,5.902024673,11.85689298,5.402750819,2.846663383,5.133598157,6.724104598
-6.878284223,-2.477778383,1.270791455,1.795770415,-7.379215159,-4.574561691,-5.939204195,-12.18142236
2.739547782,3.320365466,4.575490925,8.799166018,1.056300818,0.954940829,1.826326181,0.978883393
0.262334828,2.189063837,4.731068229,6.460264735,-1.140330097,-0.037981407,0.307059563,-2.123642929
-1.03202746,3.88052287,5.629924014,8.008793221,-3.411840618,1.382413607,1.576227636,-3.258192844
4.171468743,1.244472089,4.793677433,8.083054257,3.834182395,-0.644579273,0.130096211,2.532666344
5.402032069,4.071343876,6.330718482,10.24355925,3.951715218,3.2863683,3.074344275,4.843336671
4.72255449,4.39369926,6.633210041,10.50813021,3.091830809,3.022426845,2.766237593,3.295658143
-4.114018803,-2.173369869,3.375906034,3.174434173,-4.596441075,-4.318404865,-5.385596905,-8.617323885
7.840637543,3.567368062,7.090692774,11.51019642,6.319299801,1.699196554,4.070511638,7.451382734
7.605841794,7.019027102,6.64746392,13.45356323,5.309480573,5.028941155,6.432406235,7.969689286
2.039455154,2.031856518,5.333413685,7.323226657,0.932409107,-0.264083275,1.129611598,-0.291721133
2.462612582,1.112235681,4.592061438,6.765347845,1.887655314,-1.124915698,0.252464867,-0.015268588
2.878095213,3.059528782,4.452130799,9.78797946,1.340115202,1.894558095,3.074071404,0.906912234
-4.560466859,-0.412225076,2.796597487,2.750229094,-5.618885436,-2.96166532,-3.767554599,-9.012777639
2.727688827,3.180669405,5.334754417,8.862168779,1.289351072,1.178448257,1.591798235,0.976629061
-0.563333769,0.905728185,4.951324799,5.771293786,-1.513416105,-0.799630991,-0.039139375,-3.364043909
-0.950295007,1.024881863,4.451311699,5.941754218,-1.398789205,-1.765294202,-0.272285903,-3.256150233
-0.710657139,2.303966832,4.430538919,6.180713863,-2.395763698,-0.839973241,-1.587288174,-3.509412159
3.59048175,5.487664862,6.320772273,10.2867297,1.151416832,4.098339684,4.66935808,2.370506233
-4.106103715,1.366169393,3.191958369,6.142122827,-5.751963844,-0.374003052,-0.543226891,-7.546318336
10.13298472,7.797138677,6.957286262,13.99623624,7.901976816,5.531664077,7.993290204,10.85106945
1.016360983,-3.541041138,3.148040309,3.713030484,2.193243276,-4.765472355,-4.230199953,-1.804954924
2.026668165,0.746417325,3.937983027,6.455621442,1.227159499,-1.143677715,-0.15483656,-0.346238294
3.333257462,2.563121859,5.692416422,8.516997036,2.161230614,0.384998291,0.842162144,2.141418707
-1.879629214,-1.324570721,3.298990167,3.714257221,-2.285573535,-3.615714628,-2.744072969,-5.232450533
4.517915878,-0.955788344,4.147710135,5.747939763,4.734947054,-3.164194019,-1.715639446,2.709956362
3.699699576,3.778515865,5.380162789,9.935590995,2.691754825,0.944145581,2.445198336,1.889727988
1.368095676,3.246657291,4.475363747,8.238836643,-0.17777733,3.055316364,1.917962327,-0.272931273
8.967517615,4.333874407,6.48361936,11.76194541,7.479534825,0.612346108,4.897530049,8.359729259
2.894101381,2.858610746,5.882685222,9.216828923,1.543380493,1.154378645,0.094940405,1.459799061
-1.081951294,-1.271621039,4.286146554,4.380616293,-1.361285799,-3.196718871,-2.893031279,-4.907063119
0.813681587,0.202965416,3.836533828,5.903837375,0.122903793,-2.693086287,-1.513627448,-1.137527809
-0.600660706,0.792545966,3.858213449,6.634421789,-1.68428036,-1.270998083,-1.318481023,-3.349590925
-2.842734962,-1.236371137,3.404096009,3.107856522,-3.145075996,-2.907842763,-3.446227174,-6.592439321
13.771564,5.269188828,7.914938423,13.55944745,12.59086848,4.247491844,6.553197765,14.57617227
14.3583305,10.81483949,8.765173357,18.31484027,10.97273983,8.830930448,11.16173929,16.39340788
3.260928818,0.837400786,5.336473051,6.245137472,2.489306306,-0.727993114,-0.242035934,1.130960026
-0.735428914,2.754562404,3.680737926,7.724459319,-2.533301494,1.923765908,0.133622446,-3.304923284
-2.542168711,-1.942289323,4.373446918,2.874507264,-2.141767411,-4.045720259,-3.275642507,-6.330159839
4.971757678,5.544275279,5.984042733,11.49502557,2.502230789,3.437110383,4.636458177,3.817660885
4.221857355,-0.146136319,5.022934919,6.389038963,4.105547153,-3.126241255,-0.755065106,1.92482383
-1.91716681,1.37275088,3.523613765,6.95583481,-2.868148285,-0.105530989,-1.253948502,-4.897328177
-7.542182824,-2.081130674,1.541207791,1.18039396,-8.203727518,-4.545496801,-5.068119472,-12.49065194
-1.773528458,2.055227726,4.629898766,6.629799893,-3.143327872,1.092523613,0.104681703,-4.827460433
4.363051022,2.41962491,5.36413767,8.451492759,3.258004781,0.418597067,2.173768171,2.914058078
4.481190237,2.283185834,5.462821341,8.732052252,3.376499739,0.164348942,2.075496703,3.096510685
10.69475388,11.39114449,8.46363872,17.77378043,6.948680727,8.900908096,10.45564065,12.00649364
1.199870418,0.17593718,4.58781196,6.218368684,0.876955671,-2.384597652,-0.409583633,-1.839701399
3.626660019,1.951907371,6.006546522,7.631731254,2.753905129,-0.848685516,-0.4118428,2.096719307
6.464198365,9.782917169,7.539561187,14.92344353,2.845705907,7.996661561,7.834986676,6.591567177
4.151692994,-0.556604037,5.059096828,5.375883139,4.344721542,-2.874715118,-0.59000376,1.690301206
-1.333185363,2.21739831,4.810788632,7.067723807,-3.06482588,0.748923282,0.651815238,-3.620958848
2.663401933,-0.855379628,4.827902681,6.149528167,2.51195082,-3.968224969,-1.441225475,0.369579401
1.653218619,4.254986204,4.606881166,9.598733142,-0.259454981,2.486501348,2.325880095,-0.424003775
2.316475185,2.661504788,4.860552642,7.89421457,0.879237855,0.002104167,1.645902386,0.829309345
6.526393485,4.550248909,5.392317931,11.31867907,5.198388418,1.404511424,5.182031675,5.215830851
6.60129457,2.285207974,6.051050837,8.976452815,5.818236326,0.036564613,1.785650805,5.535248253
-0.982031099,1.654095409,5.078799275,6.419906694,-2.149171397,0.052679103,-0.551397994,-3.53744508
10.98345246,7.575748146,8.523219326,15.18201739,8.890645401,6.406779051,8.204730999,11.64731799
1.103050701,-4.234177397,3.845556126,1.680275014,2.356202035,-5.294642235,-4.139279391,-3.008072841
-0.528900592,-3.043626591,2.829892491,2.519071347,0.166538246,-5.234886424,-3.879249173,-4.432638871
3.045756568,2.992140339,4.851654633,8.63280778,1.596146126,0.373978039,2.341239473,1.103307347
0.806572957,-0.146397611,4.217515191,5.733151127,0.781041098,-0.040828843,-2.264589475,-1.858390638
1.18573738,0.841919007,4.334628826,6.391912618,0.542362731,-1.580024601,-0.615535793,-1.417390705
0.101678012,-2.490464822,3.960090195,3.476279988,0.82814241,-4.964995698,-3.795126497,-3.369790498
1.384566641,-0.763096582,4.803651851,5.146600453,1.228609435,-2.32827212,-0.945400047,-1.16894879
5.49201856,1.580933196,5.296321469,9.354814259,4.577534241,-1.144399572,1.569597614,3.723120443
7.655086063,1.409286944,5.765298765,9.036767455,7.376017133,-1.120679804,0.979447163,6.213153171
3.128089917,-0.145501237,5.148033766,5.849228401,3.241696737,-3.209154807,-0.296356445,0.651062031
1.311208311,0.668780297,4.613080065,6.524156801,0.890348452,-1.615981126,-0.610626478,-1.71614395
3.613165655,-0.284647963,3.842447184,5.354612982,3.513247324,-2.996411491,-0.220835342,0.943972374
6.411168077,6.238296336,6.11934825,12.8473034,4.074197226,4.482919406,4.941920013,5.870376012
-3.10936225,-1.879934473,2.605685299,1.89572186,-3.293779626,-3.862179506,-4.695208396,-7.343928411
10.44013859,8.317023363,7.104204972,15.65094885,7.755430372,5.896448333,8.829692271,10.94219956
3.470178975,1.178142588,4.841884885,6.651547361,2.691469088,-1.08665229,0.523581618,1.296451386
0.647568722,-2.341521922,3.749141966,3.80591849,1.155398566,-4.622493987,-3.337695028,-2.295643812
3.820187653,0.566090562,5.593479502,6.517857581,3.215761659,-1.221887791,-0.671961816,2.09464468
5.911548392,4.920180561,6.549013998,11.44011958,3.997831806,2.603187471,3.684388597,5.182054862
1.358871137,4.132827094,5.695866891,8.948468096,-0.394070419,2.417357859,2.970275286,-0.475156458
2.673714748,2.355107281,4.621045742,7.933622189,1.535084424,-0.279139338,1.170900618,0.44001273
2.986559379,2.692131215,5.302308037,9.433679302,1.784917564,1.129304569,1.368427958,0.824527014
2.12949609,3.425009316,5.918746301,8.329190939,0.450480539,1.250312702,1.011786894,0.036416879
6.80515847,-0.592248017,4.899164464,7.41154378,7.01735226,-4.137046753,0.500607559,5.367636895
-1.662337742,-0.584602833,3.879192579,4.120040263,-1.826956482,-2.486505981,-3.36023077,-4.838203443
-2.587087502,-3.896714915,3.322813377,1.341632503,-1.467158735,-5.308814606,-5.324508221,-6.656325194
-0.745744246,0.016184385,3.31898646,5.86370343,-1.227749683,-1.16916909,-2.231942123,-4.019943278
0.196770851,3.909343626,5.019037385,8.738507159,-1.670773686,1.835014123,1.494231032,-1.726155311
3.669279119,4.035805152,5.07182509,9.989230042,2.013753382,3.000768739,2.340711852,2.20351018
6.486088436,8.440215711,6.776406838,14.89246154,2.91305967,7.076176733,6.234683518,6.158124873
9.449528761,4.059832361,6.363756814,11.2662742,8.313591724,3.511745404,3.894702801,9.472809218
-2.294649208,-4.651755985,2.343474698,0.949164385,-1.007045339,-6.531450512,-6.721919671,-6.918651911
2.118302153,6.098250112,5.470742885,11.13793968,-0.813852913,4.341386085,5.742575602,0.5688949
11.98737357,7.532013396,7.467287397,15.16651317,9.915820168,5.756966915,8.681410395,12.68662248
6.783138097,1.437595641,5.337886236,9.179972209,6.182116378,-0.120974354,1.145371469,5.774423678
2.527289432,2.440986136,5.243439759,7.328767705,1.283687713,1.023188012,2.283326726,0.150586406
-1.466582535,2.866714263,5.108418575,6.872250482,-3.41858476,1.581698384,1.587750602,-4.100499274
1.999623153,2.731067355,4.16921429,7.634221094,0.540568762,0.016341509,0.920581003,-0.016550552
3.75093315,4.136059277,5.404421326,9.003854485,2.265286462,1.023400394,2.233146634,2.515602773
3.879179298,1.777469845,5.334176064,8.508020735,2.810736058,0.877280042,-0.555128742,2.220822346
1.878389401,1.707933138,4.942196118,7.139857111,1.00193513,0.301918731,0.152805493,-0.117363211
4.953520778,2.826330162,6.007852651,8.622958218,3.821970765,0.112831136,1.747601366,3.79784326
2.979416294,-0.036133617,4.667913301,6.314884548,2.820812386,-2.011645256,0.588806315,0.475548379
0.829103857,5.067768542,4.301325075,8.898225398,-1.66355664,4.318276724,2.198634156,-0.659897025
-0.805564117,1.062133963,4.392251417,5.511425054,-1.542203539,-1.741601222,-0.233772885,-3.68830075
1.413988337,3.214993715,5.394452692,8.733428959,0.026619548,1.54968409,0.386621196,-0.277295747
-0.730357405,-1.062551222,3.362591037,3.554487105,-0.873761594,-4.045865077,-2.903196429,-3.697236423
-0.437215965,-1.379468132,3.445439045,4.885033975,-0.743569609,-3.424493193,-3.176187074,-3.556172601
2.891734933,1.699652576,4.630155134,7.094599183,1.971370069,-0.044075741,0.919203642,0.687377669
-9.628662786,-1.724740859,1.63594536,1.155789186,-10.09447545,-3.915483537,-5.872405924,-14.82811589
3.548476258,5.015322861,5.270242552,10.30801324,1.398315278,3.79027427,2.402334489,2.319431994
9.180464164,4.968473623,7.44256582,12.21812919,7.503230167,2.964931069,4.988956512,9.095096982
-0.184718887,2.430937341,3.867418876,7.694118311,-1.746513676,1.389411609,0.595241123,-2.905657936
3.851857335,-1.544558529,4.298199486,6.144320171,3.689858555,-2.630090065,-2.527532514,1.357413207
2.467106788,-0.647012879,5.043953893,6.405197482,2.389515362,-2.746482269,-1.956496866,-0.15542549
3.28044341,2.487183948,5.365718713,8.335018872,1.99310342,0.760338581,2.2820531,1.865179774
3.018822493,1.094611895,4.653663273,7.231503161,2.30395375,-0.713116288,0.682711036,0.935105081
-0.685915006,4.140854138,4.511843645,8.862335497,-2.982764107,2.985214764,2.498237451,-3.476033785
5.330512279,5.888236647,6.450183309,12.68412301,2.725879628,4.814034132,4.384999332,4.331667073
8.261425972,1.784061414,6.474537137,9.915239119,7.517883165,0.419916596,1.027690225,7.355132594
5.142626027,4.644381378,6.332371012,10.0026502,3.387071421,2.743284409,3.643648122,3.765219619
5.93786417,6.196039653,7.304863868,11.90233899,3.422169513,3.604439187,5.031493405,5.295671411
0.70894994,2.345963304,4.082399639,6.931965046,-0.713163604,-0.673831211,0.726789585,-1.37546711
6.114285916,6.838853858,6.502549026,12.33834429,3.641841299,5.61288801,6.530004502,5.900193301
6.067758444,5.461749717,5.281506474,12.01018853,3.928052578,4.823636666,5.159216005,5.232229406
5.134282684,3.227252996,5.844961716,9.260360205,4.059803072,1.259368724,3.356950535,3.99681384
3.26466377,4.326061103,5.87115702,10.68479897,1.432678329,2.209617023,2.964202898,1.588145435
2.435121894,2.359705135,4.998936144,8.37323972,1.187243065,1.005157323,1.132407185,0.120549621
10.27020939,2.887616123,5.765540217,10.96329954,9.65696308,-0.401475763,4.211768385,10.08769769
-5.315849383,1.040009496,2.0692491,5.606299733,-6.872855275,-1.365086186,-1.800985318,-8.91789396
11.99238973,4.286417213,8.176136926,12.37249534,11.07805735,0.934355873,5.360711181,11.68477895
3.617789732,1.328507482,4.34836676,7.765641045,3.188911253,-0.455499819,1.170422646,1.815660338
10.54871621,8.231720115,8.23923846,15.61930532,7.91029411,6.333681758,7.810330434,10.8503183
-3.238503826,0.874808204,3.471329233,5.01389593,-4.360620995,-0.769239319,-1.910199208,-6.542446833
6.102273716,9.533357291,7.101158456,15.10443822,2.230199629,7.300636471,8.239094067,6.73798245
1.305894644,0.82606649,4.120585849,5.84645644,0.260594523,-2.476267688,-0.383463171,-1.21093631
5.817547202,3.919429224,6.271449023,11.05509958,4.152634254,2.814320206,1.821356875,5.064435799
-0.50978013,4.917801821,4.833821371,10.35658493,-2.849489809,2.618419888,3.456558414,-2.783242014
10.3390426,10.65361808,7.666611575,17.28495551,6.739641239,8.78564711,10.72935105,11.2617143
-1.242532755,1.757902004,3.934455998,5.390820893,-2.634399356,0.366367674,-0.00917292,-4.623668297
1.678403467,-0.226040115,4.267370126,6.702356638,1.280644822,-1.901766608,-1.252819901,-0.77460144
7.227634278,5.106230616,6.389569984,11.07482936,5.203063607,2.48186048,4.784083961,6.532311244
1.673133892,-1.650628609,4.229499969,4.059729746,1.80746274,-3.814973453,-3.052208011,-1.037694053
6.796601765,2.31409781,6.009657023,8.912976569,6.005856976,0.109520589,2.522139663,5.621809148
7.567624688,4.070962896,5.020848924,10.69322956,6.218143386,2.518385519,4.187696126,6.503183685
3.374882977,6.01543426,5.444399401,10.4725944,0.723755686,4.721916625,4.527580068,2.467557733
6.90564072,6.562542597,6.637189371,14.35002772,4.244451663,3.82268601,5.323497332,6.734791259
-0.818150112,1.114381227,4.265129285,5.562624909,-1.818961512,-1.740668639,-0.995229062,-3.780986517
-0.463192934,3.387947041,4.944600884,8.570497313,-2.320830299,1.54197483,1.207126013,-3.090322906
6.039977354,1.996064836,5.873430733,9.228171809,5.342206346,-0.039857986,1.808201999,4.261204778
4.3351167,3.997866782,5.470950262,9.560174409,2.292503143,2.124960465,1.553080031,3.288141887
6.629847564,7.767292619,7.581903374,13.17599887,3.366209639,4.954199607,7.055705904,6.703369613
6.955980544,3.259912249,5.663237468,11.13350199,5.883696535,0.439744844,3.564200376,6.667424908
4.790800008,1.755400027,4.55843171,8.650051771,4.004662642,-0.362520969,1.626892284,3.401461125
3.422437073,0.866959465,5.062877429,6.6496911,2.676609834,-0.280764594,-0.145631249,1.207573109
9.435844634,5.432541229,7.448818974,12.50991037,8.197134349,3.844635175,6.186579909,8.92887416
9.389180018,6.838794489,7.752286444,13.8150289,7.275966822,4.858506885,6.606784743,9.530528439
8.205640982,8.577445464,7.626599984,15.17543791,5.210316834,6.347609625,7.174727178,9.17423334
0.344085861,1.317362215,4.801074162,7.269901225,-0.710736659,-1.316649316,-0.872500259,-2.158394566
0.727844008,1.764167854,4.590515472,7.68746621,-0.471662019,0.470237711,1.075394539,-1.637140025
6.501287529,1.196991655,6.342239429,8.973625704,6.555465297,-0.10484576,1.04246951,5.566115487
-0.202965478,5.189181399,5.67653999,9.761182125,-3.021029925,3.107781588,2.075691349,-2.484551592
2.747857993,1.766116022,4.946353427,8.566007404,1.993314219,0.021786565,1.29575345,0.507152766
-5.749021554,-1.283762738,2.969177324,2.261927117,-6.163731352,-3.176780009,-5.175433555,-10.51105764
11.45591883,9.466314093,8.759750998,17.63464076,8.388001341,8.225272542,9.409920779,13.01667577
8.068980531,5.32072184,7.421570677,12.49265512,6.239380414,4.445232284,4.958794368,8.281458129
4.441959205,4.258839052,5.651314464,10.88066208,3.081667043,0.913609009,2.588185059,3.489698106
0.684570115,-0.991419093,4.552491499,4.730975169,0.929667556,-3.303454974,-1.483339867,-2.773793523
-6.078662482,0.656231283,3.494349077,3.94250132,-7.816366276,-1.240941313,-2.546840824,-9.905134842
6.346641221,4.214804899,6.588926551,10.99207558,4.9081563,1.244488265,4.261479887,5.32658388
-7.952375327,-3.486045175,2.315463473,0.576691122,-7.745843051,-5.673180168,-7.245707818,-13.17807342
-6.72106024,-0.858522889,2.40128356,2.929075816,-7.537694418,-2.425289586,-4.577286873,-11.44485906
2.521687078,0.958098588,4.984761556,7.048018248,1.952557404,-1.667216752,0.560772316,0.442397615
0.269324174,2.600212088,5.124862486,8.026732329,-1.005221269,-0.841359391,-0.343727281,-2.452794436
2.636877533,-0.582455717,4.183510319,6.052086626,2.683842368,-3.325710645,-1.387485805,0.154538643
7.89371914,5.995143268,6.125607978,12.23621725,6.136976945,4.146085369,5.597837475,8.147514204
10.00011299,7.966238835,7.971999005,14.38666155,7.03483979,5.676854148,8.442358919,10.33430489
-0.372530556,0.336178492,4.105601066,5.935675327,-1.160555995,-0.936529165,-1.047269589,-2.958226799
4.790321704,2.38374304,5.665690797,8.958841195,3.736083055,0.031305566,1.071360878,2.825415874
4.426676293,3.506063063,5.600733965,9.968937507,3.00375278,1.783129941,1.452575918,2.636012499
8.706075669,6.212589132,6.606080941,12.51996065,6.590115422,4.016815257,6.527628094,8.985260471
6.170690982,4.18621402,6.299534001,10.31502717,4.85438419,2.546102457,3.327502103,5.12553146
7.362692662,4.027648106,6.761494948,11.08684729,6.109292564,0.937124445,4.090279194,7.191850433
1.490401062,0.536845545,4.531101604,6.960123287,1.054083477,-0.426985014,0.044351251,-0.94054468
1.938199067,1.062482919,4.514604523,6.412208792,1.319655735,-0.995320795,-0.028493319,-0.139001168
8.262335221,4.943241622,6.60080591,11.92124672,6.912574399,2.751022005,4.977486224,7.597073219
-2.136679186,4.995240809,4.445180934,8.910908996,-4.649250131,1.923279187,2.629892602,-4.767994034
2.117588182,3.256583821,4.373254777,8.838824396,0.223476724,1.199450166,2.344908573,0.810327735
-4.490742398,-2.992482003,2.655908387,1.43541578,-4.463751059,-4.938063051,-4.701988941,-8.786175807
2.321919459,2.8987648,5.581512186,8.125642858,0.517209342,0.069774388,0.955322592,-0.064616716
5.401973053,2.325323162,5.585832619,8.746757838,4.879696844,0.791351875,1.913917948,3.515638619
5.807304905,1.997573662,5.299371939,8.95364189,4.991533394,1.50719083,1.539377826,3.886013138
-1.506169791,0.282987838,4.097193113,5.555859144,-2.295690348,-0.836089686,-1.397595322,-4.808816152
-0.648205578,-1.272487436,4.253700289,5.452682158,-1.119151479,-3.15458333,-2.056417873,-3.199257493
2.914362641,1.158872461,5.043631291,6.512411692,2.072630639,-0.433567503,-0.611732132,0.17200566
0.258641199,-0.664855082,4.170506996,5.558616639,0.237590613,-2.494608223,-2.130476422,-2.770551597
3.48429227,1.123794226,5.047666339,8.030384055,2.626930989,-0.497641997,0.679210767,1.989439244
4.837668187,2.815476054,5.22987946,9.101276671,4.066758828,-0.698398532,2.362404998,3.644019268
-0.3692483,1.488197639,4.310513243,6.189220743,-1.842738489,-1.043693647,-0.289077888,-2.4702187
1.871116434,1.151382176,5.171833216,6.826064863,0.828929032,-1.023492019,-1.207967125,-1.055517719
-5.812199747,-0.537437722,2.687290977,3.109844798,-6.595002874,-2.144484917,-3.933875507,-10.14128862
7.66349661,3.267748761,6.532182868,10.68087448,6.310814558,1.502789646,3.922416328,6.626257349
1.384361029,2.506018151,4.798915991,8.238722207,-0.552459723,0.6740501,2.490589692,-0.929493764
0.753161664,4.563801805,5.372905508,9.795335727,-1.433842321,1.123976808,2.962151567,-0.78716567
3.211932926,3.565715141,5.056341747,9.31239308,1.364469681,0.605135181,1.262684502,1.412974322
-3.308043147,-0.344000424,2.689539236,4.57557976,-4.102109215,-1.348153326,-2.43760611,-6.917684855
4.100493869,3.637892928,4.359480054,9.703553323,2.417478181,1.869822592,3.471745267,3.050713262
0.244455541,0.698425355,4.559805115,7.038339617,-0.240414226,-1.285013633,-0.472450111,-2.381964108
8.138327736,-1.181195895,5.570447738,6.660913521,8.960985988,-3.4013796,-0.651259272,6.970636205
2.87292606,-3.775292987,4.155269675,3.601691892,4.217938291,-3.862510827,-4.1384371,-0.536303064
-10.41950148,-5.626450489,1.075098033,-1.006807976,-9.664546638,-8.118526681,-8.8858035,-16.35013528
4.317860424,1.800493288,4.315412536,7.880624731,3.117573958,-0.369709507,2.093746971,2.041794476
-3.827894962,-1.270055016,3.033925702,3.38015213,-4.334735639,-2.879882055,-3.709820633,-7.694899607
0.549498494,-0.598082762,4.992208308,5.71401052,0.27259995,-1.485779968,-1.679139855,-2.310862641
3.737470701,2.139047657,5.670397749,8.495966561,2.622620223,0.194647471,2.250526998,1.823895801
4.670177475,0.695649351,5.01333528,7.995532091,4.191512381,-0.550117681,1.320374805,2.944597011
0.638948457,-0.20796504,3.862338489,5.71043724,0.300235834,-1.465592177,-1.185680698,-2.967547407
10.52605893,5.462810524,7.003281897,13.66499916,8.409699793,3.589170782,5.173703767,11.25996258
2.626091981,3.782622145,5.430465073,9.277004655,0.439018699,0.943233344,2.021173544,0.660991366
9.174716535,9.574385659,7.856776412,15.10064795,5.700025261,8.201794375,9.403955519,10.07620605
6.25305907,3.59754155,5.519859009,10.63135378,4.605949494,1.644997272,3.906118354,5.414627385
3.459077462,2.203943196,4.916296079,8.165238827,2.275834771,1.349839477,1.721591799,1.111778181
5.390702235,1.035708912,5.16531078,8.063071956,4.849511981,-1.430699202,0.732483434,3.540321745
3.924003038,1.682171841,5.676251572,8.376356618,3.02886373,-0.264862678,1.232563997,1.536121781
-0.255204311,0.996232425,4.674220965,5.310281485,-1.131095893,-1.289284391,-1.675002503,-2.838893379
-7.729576014,-5.003582014,1.590129063,-1.057710072,-6.963110601,-8.364284533,-7.302731754,-13.27067836
9.913115532,3.108713883,5.970771518,11.23885527,9.337584773,0.34975113,3.541871219,9.884975709
2.070148635,3.698688682,5.265087334,7.899246358,0.299241202,0.27011007,3.27311332,-0.071362033
2.272944074,0.345092095,4.924314359,5.935992984,2.059988994,-0.421126145,-0.805268636,0.072833284
6.236415929,4.25753835,5.960890294,10.20079105,4.910497422,2.215717694,3.359623224,5.373671979
5.437780053,5.098828463,5.451532435,10.95885205,3.489112364,3.50980643,3.889740235,4.49612654
1.543060433,4.234711523,4.789614062,9.754477401,-0.154216786,2.471434396,3.823805855,0.043185099
2.673470461,3.730450212,5.700403949,8.73093984,0.886224521,2.6490912,2.734659929,0.535121375
-2.020767598,-4.894545983,2.580938422,0.907619558,-0.660588831,-5.84058212,-7.108617451,-6.570666596
7.770077011,1.745164415,6.106190027,9.581244036,7.374553071,-0.498473291,1.356794145,6.579932474
1.355887585,3.708469432,5.196390181,9.217832429,-0.278144373,1.167342262,2.746982937,-0.867001097
6.93791345,3.921713541,6.555372688,10.7851214,5.273725123,2.744867726,3.938139066,5.958250597
4.226744424,2.160385334,5.792073448,8.909932251,3.059484198,1.900483487,2.098095611,3.239972123
2.942305597,3.145137557,5.423810533,9.630826186,1.438984983,0.922977087,1.019299466,1.310433449
1.018734456,4.527616253,5.34967286,9.339089229,-1.124302056,1.800487242,1.796212011,-0.814492468
2.173167606,2.251195064,5.053223845,8.705829394,0.979949287,0.411308507,1.127259756,0.098699791
1.13148164,-0.394889471,3.582334081,6.450632209,0.796067139,-3.023450084,-2.678952673,-1.788122316
-3.240691779,0.126080228,3.814183802,4.28003735,-4.228467638,-2.555790775,-2.472984598,-6.855012638
3.33711092,1.597916512,5.508260073,7.564727022,2.255462419,0.043726981,1.074551564,1.543763425
1.495206785,3.646043116,5.238999851,9.349354076,-0.716855857,1.713967269,1.356851396,-0.460714217
3.445722839,3.128219793,5.198230122,8.672658808,2.191388249,1.512736116,1.81313199,1.321354556
5.440609527,3.986642409,5.59981474,9.487301146,3.473775163,1.626107345,4.125835833,4.5124903
-0.324859284,1.595072878,3.460876019,6.770065208,-1.409382504,-0.049955753,0.652201238,-3.517054545
1.116027948,0.608514592,4.364335481,6.554403645,0.498321294,-1.134222553,-1.39587849,-1.450171944
4.535819167,2.650856959,5.714792963,8.982153368,3.553866704,0.897174189,2.151359927,3.151250593
-3.911970103,0.681417998,3.860991486,4.497396892,-5.341308376,-0.361704273,-1.9196797,-7.671863968
4.339899838,-0.912469985,4.575085196,5.681484399,4.79379415,-2.545739938,-1.892164468,2.126774578
13.04799885,5.096292747,7.362049628,13.90069338,11.87815727,1.880237623,7.039732249,14.18006084
8.692014487,5.717475835,7.747189734,12.79154521,6.929852111,5.022344543,5.335221409,8.613419984
1.52584619,1.382495865,5.429861596,6.941287792,0.505748688,-1.518042,0.470861344,-0.947121791
7.855040802,7.058548906,8.196996838,13.28740949,5.659017442,3.908205028,5.704439034,8.232572464
-0.01424223,2.552411493,4.055884732,7.427911832,-1.369406212,1.316902548,0.59441415,-2.679352662
9.673037875,2.624447181,5.81560011,10.50956771,9.128496225,0.068960024,3.977066852,9.626766041
6.449293574,2.577434681,5.868057224,9.571628031,5.61454478,-0.850698091,2.758919041,5.811380812
5.590813711,2.054334155,5.706662333,8.398044794,4.684849679,-0.068546725,1.400574932,4.17806948
-0.019482698,2.060637075,4.707742783,6.473720861,-1.140778107,1.137927646,0.349425232,-2.473406352
5.788136055,4.551425023,5.828725799,10.92587226,4.143644645,3.212435893,3.382719807,4.563196695
0.173953155,0.543674669,4.050395096,6.089202228,-0.354723993,-0.947525375,-1.774920453,-2.691956167
2.663229659,2.790476594,4.992863496,8.769564936,1.209144959,0.314544805,1.972791158,1.340157274
4.235928879,6.665001147,5.199779215,11.81797024,1.656771016,4.130312287,5.642195057,3.50609504
0.76526336,3.783348993,4.494693799,7.913010331,-1.293105114,2.415956598,2.037644463,-1.378146718
1.012432531,3.570821004,4.950180522,8.572440183,-1.122114,2.497519903,0.981238556,-0.50867873
0.539057673,-0.719083398,3.76748139,5.568659822,0.141800146,-1.873030664,-1.446862408,-2.622643471
-4.867364101,-1.430217323,3.187831385,3.905028682,-5.033826066,-2.911070106,-3.893751947,-9.115369723
5.914350595,3.294153993,6.146905725,10.20120452,4.802156794,0.619578561,2.963136434,4.759200491
2.339859162,1.800312397,4.931058168,7.630496208,1.178466041,-0.549532853,0.260328563,0.568235755
2.541145226,-2.268889724,4.384274962,4.754581308,3.122259179,-3.311736426,-2.657881391,-0.16599147
1.029318708,-2.273354375,4.782600353,4.050042761,1.631734641,-3.282427143,-2.300499392,-2.324480783
7.016638205,5.457093057,6.39457447,11.66090796,4.949648219,3.855954672,4.690016094,6.774561426
-4.445830554,-1.641050325,4.090545404,2.454594884,-4.375817163,-3.677706957,-4.770387648,-8.839984606
3.073474113,7.293413583,6.986992579,11.62057403,-0.012699662,5.46075837,5.3152389,2.694687816
-3.204439851,-5.096920659,2.963374047,0.36718618,-2.073771618,-7.440898366,-6.205622668,-8.57448397
4.322010876,3.451195648,4.574001024,9.657620021,2.775685532,2.062211049,2.438951271,3.020582825
7.513759349,3.278502276,5.846904772,10.67962768,6.427748051,1.295560617,4.376119484,6.978955153
0.328071726,-0.500903886,3.295190745,4.947051607,0.060802359,-2.221295822,-1.211034284,-2.70829005
8.841114231,4.474172021,6.766931192,11.25675674,7.041756707,2.377379749,5.561207192,8.164617082
3.324785369,0.107532683,4.152371414,6.732698874,3.280955718,-1.674927931,0.373682111,1.276125816
9.423472709,5.907364718,6.813914862,12.2093959,7.522750583,3.326642949,5.749930448,9.294263299
3.6569553,2.377038538,5.932759652,7.933016101,2.903527865,1.464923833,-0.484069882,2.058264295
-2.899163282,-3.548092153,2.089667394,0.965584457,-2.039961073,-5.763113497,-4.351559306,-7.279676147
-7.810597796,-6.698791538,0.170508972,-2.207533278,-6.583025133,-8.252032953,-9.594805234,-13.50207951
3.044625599,1.294140121,4.497856985,7.623032965,2.4505172,-2.056366909,1.828685656,0.870096903
8.568935976,6.157247964,6.836203695,12.57021738,6.205745484,4.961843995,6.274968199,8.79928375
2.183835366,2.287680533,5.230544045,7.841539124,0.803168143,0.001476487,0.175380517,-0.100939296
0.948188496,1.459734301,4.572570167,7.405134891,-0.180889657,0.065316795,-0.838750488,-0.825018576
3.140277669,3.685204373,5.20293891,9.562308653,1.160007256,1.463453227,2.058863379,1.904133679
-4.178662778,-3.171020963,2.627302823,1.487542878,-4.007880027,-4.789906611,-5.473500788,-8.431505141
3.879372774,5.713629567,5.363247063,11.32166129,1.483019178,3.417023141,4.646605782,2.617295536
0.494469996,-0.835281562,4.075925426,4.871669548,0.123846109,-3.156436853,-2.692764028,-2.352050013
3.270324783,2.137608262,5.601954696,7.563569883,1.903727655,-0.510635879,2.19106153,1.245036987
2.008789492,0.873254691,4.562520806,7.035174733,1.664826887,-2.201193502,0.418041143,0.115780044
5.738736017,3.10236462,6.353707353,10.05934107,4.802746368,1.365306142,2.397189326,4.728868274
-0.458971867,-3.774328965,2.998488669,2.511590899,0.719593678,-4.94047616,-6.075824143,-3.869468609
13.31233055,8.173243372,8.847856883,16.37545495,10.88551089,6.5035207,9.149316628,14.5887428
5.355441918,4.051569607,5.184840351,10.45907643,3.779757206,1.494328406,3.446065953,4.054554704
14.24838729,9.77848425,8.837046232,17.80997826,11.4919997,7.036138521,11.20750837,16.13040562
2.954265541,5.555370836,5.978442049,10.57652409,0.858222746,2.847042519,3.436335361,1.504180011
5.131642236,2.657945534,5.014007001,9.287734099,4.014246173,1.815438498,1.537180017,3.453295421
0.072880853,-1.185638949,3.062424326,4.909983258,0.426035398,-3.001497548,-1.853714533,-2.720529809
1.929550738,-2.490965874,3.565645978,4.672002739,2.328500423,-5.369344895,-2.386572846,-1.51644909
5.426928924,2.718960268,5.481397432,8.393396647,4.073745481,-0.135336441,1.920094283,4.091761133
-5.300707669,0.483693677,3.711555881,3.519475519,-6.641895663,-2.045858553,-2.390016114,-8.779157932
-0.207239263,3.774539684,4.215952381,8.811180642,-2.366798862,1.663168154,1.39198206,-2.838933717
-4.681454677,-2.17344206,3.130114977,2.831425658,-4.612965972,-2.863830887,-4.667618999,-8.709062394
6.202683393,4.83081511,6.066981128,11.34617813,4.545398269,2.821933486,4.224948532,5.366030803
9.022125524,3.737724227,6.232030008,10.55595758,7.810198249,0.815285195,3.519055488,8.284625472
0.150902566,-0.378586511,3.723991819,4.739141518,0.109280284,-3.152452109,-2.640765263,-3.310425143
7.810383548,5.190272266,7.654584107,12.45397504,6.163049164,2.447813447,5.044898332,7.566720646
5.707075726,3.460156103,5.503196544,10.50415297,4.157053142,2.295571471,3.162224753,5.405043842
-1.661680952,0.237982679,4.470230394,5.545270607,-2.324535594,-0.332099618,-2.676202639,-4.740608536
8.335018497,8.209570226,7.31753632,13.69082149,5.682607777,7.12398592,7.859273306,8.495568676
1.211308167,3.06631372,4.606044855,8.550218945,-0.601991845,0.84097249,0.725606985,-0.303499467
8.847589385,3.085945869,6.758905633,9.730142767,7.844128254,2.044891187,4.520292309,8.039473385
3.435317137,2.798141597,5.304737794,8.880341167,2.346933425,0.775217385,1.607484623,1.571296357
9.714858995,3.725532698,6.680198197,11.47301133,9.070203694,1.812303437,4.132990226,9.71715289
1.637593399,2.221480238,4.98956037,8.04994165,0.403965786,-0.659793747,1.327130735,-1.254179313
6.279081915,3.831791242,5.805039074,10.47570174,4.746483928,1.783081398,3.395800464,4.99554832
1.545425464,0.154819178,5.392211074,5.545974524,1.251192301,-2.414393055,-0.912011261,-1.072850133
-6.701020355,-2.321595768,2.230530549,1.414644549,-6.936360847,-4.569428698,-6.74251241,-11.37397229
-0.204029084,2.148089932,4.781852907,7.056360893,-1.739946457,-0.340539286,-0.917518358,-3.118740445
9.203222679,8.305141391,8.006062524,14.13188697,6.085342121,6.038920265,8.189821198,9.78287788
2.174720979,0.938200736,4.171592935,7.123711394,1.141799343,-2.078156096,-0.578460789,-0.15198656
-3.486504266,-2.162408938,3.604796647,2.283301757,-3.112671708,-3.777827269,-4.109955005,-7.620110756
0.01556705,0.751025045,4.627555888,6.588917757,-0.66156386,-2.232288876,-0.666096168,-2.577108633
3.020957406,0.721115227,4.392160246,7.290143326,2.577071417,-0.959749952,-1.237144667,0.692911968
-1.614495771,-0.098622352,3.837341062,4.782169314,-2.231938028,-2.405726589,-1.462331915,-4.837397935
7.845729834,4.3316375,5.993302822,10.81903308,6.216187327,1.814775429,4.789383344,7.134662195
0.168967471,1.054719923,4.844469784,5.48752662,-0.585920682,-2.32442286,-1.006670784,-2.92107343
9.034126213,1.998346214,6.201215704,10.28184826,8.879484238,-0.182183181,3.399195037,8.380327926
-2.221675303,-0.388879872,3.931225329,5.167401203,-3.088900188,-1.764867755,-3.312445468,-6.905338844
1.154456273,-1.942882953,3.906288124,4.56417293,1.546769776,-2.587693412,-1.658352699,-2.112174235
-4.806466043,-2.176853187,2.753466616,2.08443523,-4.910555744,-3.716488846,-4.763298177,-9.364508292
-2.712642002,-3.032582694,2.616260134,2.551879886,-2.247289911,-5.847694458,-6.022555067,-6.73358955
-0.40554,-0.267801053,3.661195219,5.292435252,-0.891131516,-2.287922024,-2.718419804,-3.416612969
2.433052301,-0.736561098,4.222232689,5.684064257,2.599541475,-2.077099602,-1.883920542,0.077949155
5.33700144,0.924646989,6.447799316,8.625700029,4.840442088,-0.821182509,1.021320285,3.427942798
3.59088014,1.238800673,5.43410393,7.59443315,3.000182373,-1.035315941,-0.136666695,1.618669713
-0.892119346,-1.9494053,3.707370584,3.711190767,-0.653819737,-3.809023173,-3.600352821,-4.58675941
6.218948049,2.660846447,6.070981308,8.985643336,5.171215749,1.393669555,3.126657229,5.540907173
6.889039565,3.803424117,7.338428393,10.25780102,5.633627974,1.55530513,3.189757301,5.976123654
1.536044858,-0.764919787,4.385634688,5.864573347,1.41140401,-3.289224484,-2.227572233,-1.559943995
7.511023711,6.083970904,7.012707169,12.20953518,5.304128006,3.352962973,6.301231832,7.687702841
1.480118945,-2.308476623,3.519951089,3.144711657,2.155731966,-3.979689415,-3.295435253,-2.231609659
-1.738660427,-0.227991171,3.611898201,5.132029774,-2.42659514,-1.812020147,-2.012531365,-5.304276318
3.070020886,-1.611352035,3.755859276,5.353281095,3.243508446,-4.031449859,-1.748266939,0.061315094
-0.301446858,0.396517282,4.271102638,5.910794203,-1.294212932,-2.747487276,-1.143332075,-3.515655393
-2.074009625,-2.5618354,2.737466293,3.234053014,-1.896954662,-4.49610143,-4.460081454,-6.170994377
2.554608572,0.676665113,5.284509815,6.295086222,2.506527522,-1.732688163,-0.705210774,0.587946088
0.27438186,-0.546300321,4.441215201,5.341800448,0.488723998,-2.470244083,-2.513823115,-2.674780452
0.109994215,-1.732730618,3.650043507,4.055080236,0.274346181,-2.689049703,-1.669328366,-2.43489018
1.239650076,-3.54460309,3.351558446,3.215044727,2.005527196,-5.384886137,-4.068642141,-2.372713286
8.308868819,4.611781941,5.924675703,11.35111061,6.753395404,2.161316213,3.962380611,7.906148145
6.222679736,7.761316065,7.227516222,13.73796006,3.346301939,7.305352257,7.408955364,5.997848308
8.765602299,8.943653557,7.980083264,15.22176257,6.048706592,6.528293615,8.742041396,9.674301159
1.054879108,0.421812729,4.219744517,7.017915664,0.89976591,-2.058137467,-1.671713876,-1.600420995
3.836547135,2.16227301,6.235610493,8.262244449,2.792227871,0.479568079,0.186104184,1.993058257
3.821906647,1.103513909,5.271343646,7.693366962,3.054672014,-1.913930331,0.775431989,1.755183874
0.685491422,1.702957909,4.760074441,7.224031436,-0.490139643,-0.290797316,0.194330593,-1.455437389
2.280151527,-0.391532818,4.36762761,5.542492167,1.954066944,-2.509155137,-1.055829043,-0.249928361
1.588046704,-3.154025819,4.065956398,4.035860519,2.750801973,-3.713393901,-5.068693223,-1.835823208
3.291914,1.841392825,4.684456098,8.279179591,2.248066052,0.859136674,1.460472707,1.386603671
7.468814022,-0.113621782,5.456562998,8.298284639,7.658556876,-1.668530489,1.116075588,6.640837333
-3.228707508,-4.31208228,1.991392875,0.736862533,-2.511600584,-7.076809568,-5.096838931,-7.293936759
4.806333134,8.552032127,6.021557588,13.24419748,1.557930702,6.750121954,6.839455997,4.322898267
-4.468538871,-0.366816478,2.097947788,4.071448106,-5.41745547,-2.699536228,-3.802717692,-8.534126503
7.4475971,4.226890261,7.109239506,11.37501775,6.191073027,1.753746913,3.416731509,6.918255267
8.845427126,6.623870109,6.043626902,13.61990013,6.461272779,3.142834969,5.316663927,8.642003332
-0.711808858,-3.182681563,4.412962594,3.276462209,0.051402146,-6.737575537,-3.09743739,-4.528182363
7.418634501,4.074558664,6.693646708,11.07283013,5.910234805,2.380872397,3.73661305,6.400870813
4.726325445,3.799129117,4.628122333,9.818487685,3.384363347,2.004156927,2.3106593,2.861591012
4.327009825,2.468281053,5.328677748,8.30649347,3.100218102,0.275370129,0.725088351,2.575889502
3.792057966,2.806341021,5.713152255,8.745493012,2.464921805,1.030757626,2.579178022,2.002374348
3.704262587,0.94518633,4.567822067,7.578417283,3.031212007,-0.922164787,0.90340305,1.773894325
4.867866451,4.207301368,6.222582928,10.99948002,3.103848664,1.300256279,2.905981527,3.648465831
12.43835046,2.200160001,6.418519983,10.66100769,12.19955148,-0.622428361,4.693816932,11.86242225
-3.246672496,-1.503629545,3.08605055,3.518582287,-3.573970769,-2.731718897,-4.133850267,-7.038209129
-2.983257331,2.393003574,4.632901806,6.839113123,-4.505155911,0.642417336,-0.924746146,-6.32003611
1.807565113,6.035792907,5.732979701,11.32672873,-0.617496152,3.696270842,3.50219762,-0.017529742
-2.143254629,-0.218529142,4.139765965,4.587914238,-2.829989883,-2.98464349,-3.260973846,-5.228712462
0.261607014,-0.050317513,4.094077387,5.077148474,0.143033792,-1.767748582,-1.999802198,-2.542381904
3.141025653,3.06506636,4.89945017,8.678000224,1.903702344,1.227651327,1.882708431,1.397431079
4.259755806,4.844914336,6.110600873,10.38460587,2.544206836,1.702054622,3.520700513,3.174253789
7.089126763,5.502904875,6.536162492,11.97782042,4.931981624,4.105389279,4.804144364,7.119262439
5.090134307,3.256909014,6.724470272,8.768637445,3.726353112,1.242477383,2.889175014,3.601154803
4.725911206,0.862677385,4.707022005,7.269430157,4.557720077,-0.917898726,1.097808821,2.67790897
11.3667591,5.574973091,7.457513244,13.15020071,9.876339021,2.74289814,6.731945392,11.28972527
7.724277462,3.112675348,5.412963006,10.59280484,7.082637815,2.138425006,2.576896182,7.205397317
0.633294487,4.946383479,5.907192097,10.05390918,-1.687784146,3.432752642,3.155234674,-1.124893986
-9.129543888,-4.62477817,1.593051841,-0.620483012,-8.651377318,-7.131794452,-7.471556747,-14.73084755
6.893023906,3.192196208,6.751715426,9.898886261,5.685115458,1.18276458,3.397381682,5.629058237
-1.771505785,4.133943168,4.327465349,7.906637076,-4.162600823,1.602221832,2.728847667,-4.421836327
2.279923164,0.642799083,4.797032265,5.792081603,1.901058804,-1.126663523,1.43515364,-0.088148848
1.89549816,0.164597071,5.06133733,6.858195292,1.554553935,-1.273966376,0.199214001,-0.533567931
10.03204323,1.451800201,6.146875125,8.731295951,9.967796891,-0.315746863,1.861762035,9.221470115
2.153801419,1.164327224,4.936668913,7.440038805,1.544701169,-0.574180377,0.380136499,-0.755351309
0.550308468,0.847984118,3.589308717,5.811996508,-0.380219012,-0.733819572,0.043517289,-2.42520577
4.22544895,2.801424479,5.225982987,8.908335074,2.878476713,-0.110342045,2.49984654,2.658415751
2.206400207,-0.369576648,4.302683003,5.725792731,2.232207826,-1.905246975,-1.226870965,-0.477792065
3.445724062,2.241010468,4.802570532,8.781500933,2.419714563,-0.292568793,3.141090679,2.065613987
-0.641240727,-0.469550424,2.999036537,5.670299478,-1.389951443,-1.989450946,-2.626727644,-4.394705122
-2.626917886,-0.178324506,3.552470242,4.321016118,-3.408231187,-3.094823888,-2.72614194,-6.654819767
2.583278553,-0.262996579,4.598431012,6.783417738,2.027615316,-1.428073478,-1.630617637,0.154130909
-2.938690544,-0.296343046,3.685878209,3.751478245,-3.516990851,-1.896170525,-3.012372932,-6.956727679
6.00792903,11.79289167,8.021942978,15.97171648,1.534430864,10.23215314,9.387527933,6.880122524
15.15342398,13.58573868,9.301483275,21.21022361,10.7629899,11.08128212,13.60472526,18.0705807
3.606661104,5.242203231,5.859157337,10.87520654,1.568199892,3.571159973,4.291305531,2.284765439
4.011169056,4.194660198,5.719444004,10.15712599,2.092476722,1.6946606,3.03929444,2.266968592
4.0536786,-0.870784305,5.220460012,5.142881473,4.226081602,-3.1957633,-0.973561215,1.701693347
0.634580455,-0.055827225,4.577665547,6.032473698,0.224807975,-2.243372321,-1.353030063,-2.043094975
5.867769426,1.214374239,5.018036742,8.810960281,5.712304597,-0.470981302,2.216273067,4.393974721
2.698269721,3.101863048,4.282700888,8.992136768,1.26487408,2.156654903,2.710430935,0.76867107
7.990163203,4.48672807,6.089864811,11.38916573,6.523242137,2.297865181,3.721331941,7.457886436
5.729362609,3.031070756,6.232274727,9.063418706,4.850168934,0.810154995,2.958494404,4.85181861
1.483047689,0.765557514,4.443008885,6.446841023,0.798399348,-1.018025391,0.111058734,-0.781654235
-2.309501466,-1.679211553,3.106594847,4.009323737,-2.507076884,-4.114172793,-3.845800237,-5.938888751
-1.153873743,0.975447215,3.613841854,5.973371278,-1.985623526,-0.00864639,-1.854628447,-4.60103891
4.197094201,4.938453958,5.556568578,10.87206845,2.121921619,3.88555559,3.804478419,2.284353233
2.098354909,2.968129215,5.220821854,8.687853266,0.454856664,1.503597828,1.259022626,-0.177347607
1.734326203,2.168636394,5.151422758,7.34237302,0.327734439,-0.190224771,0.682888989,-0.781266078
8.272311015,5.011043728,6.8942249,11.7449931,6.445327162,1.847028277,4.871826262,7.751970601
2.975018645,3.520509749,5.376557253,8.534553349,1.574245271,0.849796309,1.86462615,1.07800285
4.356183259,-1.676993856,5.111737706,4.642817716,5.078725925,-3.407740559,-2.750810834,2.054779846
0.905675208,1.666538698,4.396955428,6.815169944,-0.096595729,-0.921742331,-0.611241314,-1.805692048
6.034040677,1.582790272,5.538462275,9.104810098,5.428552721,-0.087697643,1.36295622,5.085628349
-3.150549117,-4.631801048,1.953961797,0.645587403,-2.084465615,-7.096627244,-6.629702998,-7.749308354
1.040185549,-1.700667912,3.948329615,4.812462633,1.647846335,-3.667845956,-3.696770174,-2.085514298
6.252602813,2.009626011,5.577114181,8.561442732,5.713679634,-0.11951803,1.813384283,4.29566235
2.978139164,4.126611673,4.901519908,9.594303697,1.062260006,2.337962951,4.474792488,1.146805178
0.764124825,0.71186413,4.610060807,6.064607766,-0.019199898,-2.292788368,-0.28295936,-2.624982614
11.53647486,4.825017804,7.400639353,13.01955791,10.38283163,3.71225191,5.199429348,11.67878306
5.011303727,0.365396215,6.083754188,7.492134556,4.830296138,-1.881851118,-0.052851408,3.26858959
-3.029866751,-5.127923948,2.66905721,0.393190511,-1.660256334,-6.634819903,-5.78643029,-7.217000961
5.784793146,2.907126579,6.001767713,9.151102118,4.760025456,2.232113612,2.930924204,4.037578496
-0.333123843,-1.338937824,3.600539678,2.980679431,-0.104560334,-3.20596369,-1.988522438,-4.280228982
8.171125541,6.120635204,6.332265314,12.19183549,5.94840153,5.026079408,7.341085559,8.162363881
12.14038297,8.680420237,7.557786354,16.4703772,9.317786814,6.391614979,8.173073637,13.32638799
-4.171142467,-0.610578547,3.192972024,4.683194452,-4.389987305,-2.001324937,-3.224795382,-8.432034769
9.500376463,6.586499315,7.988596268,13.84182855,6.993294574,4.933128085,6.234819017,9.907246239
10.73318928,6.266989738,7.600514691,13.79574434,8.635457078,4.324987558,6.564005258,11.11255121
0.35742633,-2.017437673,4.109041771,4.117399971,0.941973643,-4.396671129,-3.588755655,-2.887688743
9.941280707,3.63757524,6.467828654,10.56335377,9.211421996,2.033871641,3.951371126,9.505933943
4.129744023,2.976801848,5.573286324,9.622624412,2.648272861,0.282871234,1.716321343,2.302658651
-0.902147899,2.297071369,4.153972389,7.186217124,-2.261988963,-0.308581931,-1.505524569,-3.327472631
-4.423612436,1.887599218,3.087201397,5.223571717,-5.936208519,0.523209093,-1.678382274,-7.606270041
3.018956873,3.567563155,5.713036264,9.358323062,1.606721068,2.150450308,1.612853936,1.787095615
7.228897918,4.750896611,6.251664245,11.49471599,5.68714914,3.14602141,4.541530103,6.467416227
3.653594641,1.291097741,3.39635911,7.747717599,3.0284832,-0.892820248,0.82372818,1.499856369
5.406359955,3.532179406,6.76023876,10.44214846,3.872177041,1.558821991,3.315888027,4.30860658
-3.828476469,-5.266828833,2.02063725,0.149458364,-2.300516754,-8.359750833,-6.894977942,-8.822645344
1.247785744,-1.165117089,4.167141728,4.842018971,1.555372676,-4.274500017,-2.51728932,-1.665105395
-1.160652855,3.922026993,4.336106147,9.051590155,-3.538015357,2.257378722,1.268272044,-3.807816145
-1.368989807,-0.688980309,3.657401009,3.362231081,-1.572348486,-3.493478292,-2.889405071,-4.843853529
0.384599195,2.118178479,4.37813393,7.542071527,-1.095424415,0.259584326,0.747227682,-2.535568366
8.079945228,7.053054739,6.99713199,12.84610423,5.32239604,3.953386923,7.373085897,7.545241702
1.181104321,-0.402628321,3.879483366,5.417429684,0.967132309,-2.993399287,-2.226400535,-1.685661428
-3.539658522,-2.015250346,2.333353172,3.59297917,-3.57135459,-4.690473393,-4.258931675,-7.747448599
1.974120834,0.452622656,4.268364691,5.654083474,1.705854297,-1.098253181,-0.863291781,-0.764591125
1.130949255,2.733581638,4.898332462,7.999040666,-0.362229256,0.639938526,0.783289429,-1.156687119
-0.06826298,0.811489312,4.031148318,5.665580877,-0.847150329,-1.09034993,-1.161292859,-3.05656681
4.498492118,-0.221439312,5.685178731,7.210888681,4.548538905,-2.871495846,0.951996743,2.77631665
0.3188079,-2.66942886,5.088193904,3.666072259,0.647120691,-5.437240032,-2.815736908,-3.276141488
3.856601367,1.242776629,4.650203406,7.083358471,3.164119176,-1.592880392,0.113842328,2.252414329
6.104588656,2.195166823,5.226646046,9.410634059,5.248178738,0.970115166,2.984180597,4.528773393
2.65323988,0.585110159,4.11854954,7.154999703,2.041423517,-1.003297447,0.144099541,0.033264803
4.677562814,1.708901828,4.801082544,7.840901059,3.702844437,-0.103573154,0.640465649,2.40798428
3.558514725,-0.559936323,4.531495285,5.786381911,3.415008422,-3.155501766,-0.16901507,1.249867749
8.773069559,4.865384765,6.892553446,12.6890058,7.164115906,2.065305972,3.730100221,8.610996956
0.560532062,-4.132258157,3.378679335,2.252910975,1.598523846,-5.354088911,-4.413820624,-2.664873905
8.958383944,3.883668542,5.903426174,11.70491451,8.085535537,2.193808278,5.498736772,9.190608814
4.424367326,3.917523143,6.454497765,10.8008694,2.616343359,1.261166422,2.118847152,3.524924348
1.117210399,-0.51186793,4.582617887,5.826459772,0.96490959,-1.440351301,-2.189909587,-1.685248688
9.694353908,3.50867962,6.151158461,11.93341851,8.673551198,0.295219799,3.394395875,9.643166264
1.541243221,2.437649603,4.663479933,7.631651879,0.570373041,0.593489598,1.043208491,-0.641923334
1.759307537,0.053942594,4.139631983,6.596561552,1.662745241,-1.374296624,-2.037875615,-0.898056526
6.65835979,2.957123996,5.87564194,10.55870782,5.55370418,0.986321311,2.736402425,5.383683008
4.446746718,3.358522502,5.241963531,10.11556676,3.155583765,0.710787,1.489887332,3.202259321
6.754298871,0.586220531,5.110122125,8.905667929,6.553685487,-1.229192622,1.001439767,5.309718315
8.804359376,5.512420274,6.959985556,11.72301268,7.154935556,3.391304959,5.56389977,8.348242678
6.335626857,5.642309769,6.234811557,12.26760825,4.693487903,3.716560089,5.09025524,5.909704859
0.534057914,2.366115635,4.542395141,7.502480915,-0.860269433,-0.034677589,0.511230413,-1.633734696
5.299619842,2.701644465,5.406048723,9.298708366,4.125482531,0.971637098,1.190751986,3.878109493
-4.867384527,-2.873153791,2.380451427,2.323105367,-4.936599123,-5.227154882,-4.897367909,-9.368857702
4.97767353,3.654239296,5.846351116,9.979126099,3.701008759,0.81948792,3.582006941,3.836444231
3.80596597,-0.830703429,4.265518735,6.280961582,4.131841046,-2.202377543,-1.02564702,1.165663217
7.039611751,6.885643669,7.496620395,12.75771606,4.611680749,5.669103942,7.385769425,6.613504376
7.566796887,4.450366591,6.708716142,11.42792871,5.998536989,3.046502844,3.54206502,7.411283692
11.67830365,4.927539319,5.925997626,13.15895695,10.23992345,1.711727274,7.027817604,12.29200274
5.903859766,1.734388931,5.198982884,8.687593583,5.184358574,0.052420358,1.737355068,4.802389092
-0.296056096,-4.142735068,3.412570062,1.779500637,0.767573183,-7.021776916,-5.87080688,-4.389928471
3.170111752,-0.995118611,4.913873553,6.193822679,3.193854447,-2.320128229,-1.353810686,0.937404171
5.439866631,3.56522516,5.077577418,10.73894186,4.069948923,2.183507101,2.48639402,4.50838059
2.543438633,7.955610087,6.980900731,12.8412689,-0.90295724,6.632591729,5.700892402,1.926858268
2.797129838,3.664316256,5.303960277,8.795179749,1.294915213,3.076746267,3.347997153,1.066570249
8.518509975,4.101738882,5.783121537,11.39205506,7.109703888,1.155187941,4.235499043,8.087609683
1.744973742,0.430946084,4.201947192,6.236540376,1.444175037,-1.398660072,-2.332547026,-0.211272144
5.564771179,2.835493891,5.380062115,8.264553952,4.25038306,2.053925306,2.947116845,4.42731354
0.903922789,3.865013124,5.741006056,8.730801357,-0.679308927,1.902627153,1.592542893,-1.60395424
2.762707502,1.205167278,3.715017788,7.683006627,2.037717894,-0.678297871,0.55554046,0.509418774
9.191517203,8.177609798,7.088501416,15.22900891,6.287686651,5.784760101,7.870696227,9.088133197
-4.90220204,-3.114422575,2.611655104,0.60675963,-4.747245052,-4.245838146,-4.881402265,-9.248704903
3.630590603,1.301195039,5.342817975,7.430131862,2.906763445,-0.595016579,1.127137988,1.361397247
2.368947317,1.976100736,4.058178056,8.20324717,1.227909339,0.823702032,0.612615803,0.217960224
-4.669393993,-4.76392259,2.790543891,-0.057388564,-3.7827873,-7.523968754,-6.703270483,-9.429167119
3.973995541,3.603209003,4.823467646,9.96330585,2.673520607,1.077167826,2.683331946,2.599692742
-4.438045196,0.324615047,2.740406831,3.922704702,-5.400369989,-1.633432609,-2.548518613,-8.677788113
-5.331405564,0.19782422,2.779444765,4.460370028,-6.429550948,-1.750248476,-2.368412339,-9.602814039
-0.121607396,3.078452477,5.039204193,8.734840984,-2.114324789,0.54304261,1.467960008,-2.804510499
1.123724726,4.064683314,5.328521853,9.556837357,-1.257891569,2.399236996,1.788395534,-0.978219222
-0.08489639,3.335579326,4.631696603,7.971388752,-1.526701101,1.038812491,0.988487602,-1.870918022
-4.856682108,-0.962458145,3.244408168,3.120061041,-5.399583061,-2.241603817,-3.830971534,-8.949465062
4.048311279,2.062132139,4.969865226,8.11688611,3.078394448,0.187205217,1.026678761,1.858582229
-2.665130164,1.510103442,4.545377325,5.652839619,-4.249652384,-0.349552684,-0.601418551,-5.700511203
0.930788167,-1.784870644,3.899391271,4.761586243,1.306599004,-4.286621609,-3.399959766,-2.324803797
4.064593646,-0.25525746,3.830256212,6.507169238,3.931007879,-3.493538255,-0.551006214,2.094408656
2.14842406,0.730197927,4.11877696,6.789988802,1.741017361,-2.910335209,-0.89457209,-0.404654115
3.527105009,2.224735792,4.677953315,8.852304027,1.978086714,1.732566308,1.512833185,1.716964681
5.070649198,7.045530382,5.847858915,12.90746724,2.362479812,5.411476932,5.484366187,4.857191533
-1.335085337,3.035563398,4.644979992,7.541300468,-3.096750343,1.949139217,-0.415502069,-3.923412936
1.934224452,0.61291869,3.909772896,7.077982433,1.48238655,-1.47407918,-0.348949802,-0.139002882
5.566805853,0.983688812,5.331634883,8.067376959,5.148172581,-2.019703523,0.612790831,3.858361373
13.0192635,8.227837117,8.21127098,15.43327325,10.00406488,5.543020004,9.189316236,14.25101937
6.730606083,9.646226561,6.916524079,15.29438849,2.820147028,6.943095795,8.913041612,7.176833122
-3.176059458,0.914840026,3.594511331,6.185121435,-3.798842163,-2.80809913,-1.0205336,-6.756701603
2.709733103,0.763691309,4.336150161,6.781435676,2.382220448,-0.790436155,-0.078782416,0.503218448
1.681735498,-1.940053447,4.887597034,3.926230254,1.932522867,-4.527737129,-2.395301711,-1.18571547
4.028311532,4.773416554,4.993022724,10.56749539,2.163983718,2.905960183,3.705177957,2.67730228
-1.01254519,1.613686291,4.273359053,6.348127638,-2.212882606,-0.178220044,-0.295036294,-4.172834123
13.41604224,7.669293637,7.939884366,15.96669455,10.76927428,5.053199976,9.601746328,14.48679145
-8.252988552,-3.298413602,1.627019079,1.156218013,-8.410710663,-4.197340719,-6.392661969,-13.61135553
1.447293904,2.184375621,3.865413289,7.657798383,-0.205142887,0.429783584,1.927230244,-0.633480531
-3.578610975,-1.208433633,3.445150493,3.889313595,-3.708143572,-4.355528314,-3.65336544,-7.562434909
2.984888036,5.189962871,5.746871168,10.38406297,0.92026546,3.127637009,3.332316949,1.930584878
3.177317076,0.669186597,5.314458576,6.729166078,3.017345363,-1.128123802,-1.013378926,0.70972124
3.37575261,1.824969348,5.361191489,7.290474828,2.873588279,-0.475551705,1.450483077,1.563497616
-0.539334037,0.442329725,3.54369971,5.307566614,-1.174755273,-1.519809407,-1.522172732,-3.349218636
8.090315134,5.712857617,6.160047277,13.24271953,5.996429705,4.650161306,5.918322342,8.036607594
6.34878959,3.977502261,5.795411994,10.67012425,4.977221834,2.218227236,2.956525508,5.169438905
3.578566792,-0.244049297,4.902964494,5.955819731,3.62933517,-1.592713681,0.407471177,1.384949236
0.025909886,-0.357671224,3.389212104,4.947839242,-0.368502658,-0.978801849,-1.158842536,-3.201822342
5.097517002,0.056315345,4.880427665,6.722192803,5.112437617,-0.924419788,0.231380706,3.107757968
6.660405184,4.222219171,5.073548484,11.27426085,4.94440729,2.4237549,3.56598699,5.67061468
13.70391361,5.3558534,7.348519661,14.02007792,12.3761873,4.646036541,7.304119694,14.82566493
3.99401971,-1.889905498,4.664771973,5.314533426,4.348375731,-4.918140097,-1.900793627,0.875084924
3.817635649,-2.578120474,4.65831451,4.676125749,4.773664136,-4.536096552,-1.523984236,1.121482625
3.129658927,1.995574983,5.708040444,7.928841523,2.295263586,0.373249987,0.130462952,1.099263147
-0.770541069,2.874464705,4.618752754,6.693713512,-2.322314633,1.041476778,0.476987627,-3.66731873
1.855868,2.204892895,4.978207888,8.446331459,0.863763659,-0.055074786,1.75480747,-0.312262458
-3.121826168,-3.533880775,2.209268204,1.060194699,-2.469153587,-6.863895069,-3.683347592,-7.536459977
-2.357265303,-3.371951305,1.894816089,0.901421752,-1.631587731,-5.193817765,-4.672671843,-6.159573278
6.963455644,5.290923136,6.919475253,11.48773908,5.085043511,2.281498365,5.030436467,5.793851186
0.477213289,1.089447625,4.566862054,6.812669717,-0.449138094,-1.42576638,-0.394618502,-2.140648973
-1.357758474,-0.012619672,3.941405498,5.035192843,-1.687532475,-1.472005062,-2.83426177,-4.4729104
3.992505404,5.693903591,6.23398709,10.99830055,1.309957195,2.944268367,3.617169346,2.266072542
0.765650443,-0.365584575,3.823655595,5.211457378,0.338203914,-1.960126808,-1.665768689,-1.945070734
4.928589837,2.738428943,6.106101421,9.419771952,3.613433077,0.277888865,1.847306745,3.83714045
0.016339924,2.304973578,4.945100665,7.54667122,-1.27540446,1.66327546,0.358471831,-2.281880146
5.92242845,4.820063152,5.992899649,11.48515116,3.815188446,3.51045232,4.556559673,5.550814039
1.601219242,-0.47300352,3.915695247,5.214674306,1.448886538,-3.26505,-0.804244207,-0.981023346
9.021157936,4.416621742,6.656395678,11.24732147,7.755216279,2.914944738,3.79475539,8.093920951
7.644848234,10.05164465,7.869888307,16.23173469,3.82889412,9.620969196,8.494762496,7.861274889
-0.569210683,-2.564752491,3.927481916,3.036125089,0.084240379,-6.52760337,-3.999728245,-3.803485427
-0.820057203,1.855708916,4.757349058,6.608598733,-2.124120458,-0.210478067,0.902351095,-3.636464751
-2.990997459,-0.075155064,2.438525856,3.965336005,-3.293481249,-2.970877249,-2.204586547,-6.943617396
2.600528378,-0.195794108,4.630720381,5.621512181,2.133114701,-1.934244157,-1.563829748,-0.564664903
0.347688727,-0.792307313,2.384091574,4.815058009,0.062943483,-2.130026849,-2.411889612,-3.105257231
6.00513761,4.011843498,5.202253907,10.78540194,4.708800403,2.134155851,2.989046373,4.80132618
4.047718354,8.107638003,5.999805948,12.61302357,0.71486239,6.059402768,5.886020375,3.658284499
9.050406595,1.498541183,6.136787635,10.19797679,8.789120472,-0.240638827,3.091649489,8.346851415
4.576121743,3.746922763,5.634347876,10.61192564,2.888710054,1.000359124,2.979393389,3.731795899
6.044884846,1.204857415,5.426662719,9.039816163,5.862515016,-1.338499246,1.063602908,4.861284057
6.045693629,7.591348882,7.268221489,13.52812911,3.223382745,6.246295421,6.924160164,5.566158408
3.460268585,3.434148113,5.440779035,9.095982233,2.069365169,1.09341995,2.756307253,1.850341995
5.48251211,2.25929712,5.992982198,9.491854159,4.662229929,1.332060532,0.30095845,4.151203378
6.456336436,4.308685965,6.137562108,10.98212817,4.485197403,3.125682451,3.811857821,5.801255099
-1.502263239,0.744932214,3.416948441,5.883772599,-2.061092072,-1.808491923,0.312892327,-4.983367004
-0.934483162,3.850196404,3.981349229,8.789286411,-3.183221112,2.048249849,1.53065492,-3.56520575
-1.767545695,0.35884477,4.316419475,4.359345625,-2.465308199,-1.146396685,-2.327410996,-5.154523126
-4.902914623,-2.642336432,2.254828024,2.383561272,-4.465831637,-4.643956485,-5.426736395,-9.475726519
3.721342315,2.853493016,5.547991798,8.603165267,2.514734467,0.38693235,2.602034062,2.568548923
4.47960542,6.15529718,6.146530061,11.00026539,1.892984464,4.999878387,4.610331072,3.743983529
-0.857406677,-2.179733205,3.173484977,3.539499045,-0.525957343,-1.781837781,-2.90839202,-4.729883795
-2.934476033,-0.074075293,3.626949988,4.090292823,-3.754735316,-2.038508583,-2.535552338,-6.498913383
8.132848079,5.771337758,6.363189918,12.13611429,5.978620052,4.159215316,5.563030499,7.91916565
0.923047683,-3.265510353,3.979431913,2.639147421,1.392740509,-4.189038366,-4.091968046,-2.606222442
3.891973569,3.878112073,6.175030966,10.00484487,2.225169604,1.466985309,2.450651392,2.856195685
8.610205793,5.26004303,7.684326387,11.92869847,6.868270268,2.684990842,5.231818888,8.957026467
-0.081672515,1.781350285,4.677456783,6.606509951,-0.979954045,-0.123828706,0.42275839,-2.687439792
3.121083687,0.031862326,5.112208519,6.590945182,3.027404111,-3.41578492,0.219776099,0.849251313
4.370228053,2.447166552,5.735437152,7.989683059,3.594792551,-0.267869508,1.162663773,2.3556241
4.576173098,2.634002511,4.938343737,9.422209385,3.447135382,-0.004443849,1.907035531,3.334379756
1.957923083,4.02324743,5.148338813,8.02424797,0.29696913,2.78899334,2.053260525,-0.094932355
5.645325784,4.271648667,6.199929947,10.44992534,4.155616223,1.958338656,3.041705785,4.699966964
0.241709165,0.616247649,3.563399652,5.61851068,-0.479093645,-2.197610292,0.003348374,-2.541856627
2.667018774,6.013982029,5.61169271,11.42200887,0.053051466,3.604109628,4.181893648,1.331713791
-1.924040252,0.686276552,3.037693204,5.644396783,-3.154834966,-1.744973132,-1.621294666,-5.023275039
5.529249997,0.633417258,5.093968891,7.935049472,5.165878619,-0.540369533,2.055043131,3.771930094
-1.265925658,-0.115771006,3.829650193,4.740526596,-1.75063519,-2.413033213,-1.809310262,-3.892982698
4.017991044,4.450141576,5.853755961,11.15771707,2.004616297,1.717840001,3.219889746,3.164364765
-1.470491948,1.377633374,4.32828932,5.930849739,-2.679962794,-0.11656162,-0.974095463,-3.804740472
3.596818929,4.540618722,6.082097731,10.07406344,1.946426778,2.649195513,2.896023202,2.476050548
-9.770959039,-1.048315237,1.7294183,1.396112929,-10.99797983,-2.487346116,-6.002847136,-14.91864761
3.630802128,8.289160921,6.880472721,13.92414577,0.116319303,5.953879358,6.463793599,3.084706621
-6.023267643,-4.464640642,2.425400475,-0.327396612,-5.586631724,-7.379688006,-5.558269981,-11.06826691
-1.889069156,-0.143937995,3.491166349,4.007855641,-2.326824804,-2.0709658,-3.990351241,-5.044390239
1.966177838,1.612211057,4.757895736,7.164681016,1.173634502,-0.50439185,1.06650412,-0.412058823
1.868388056,2.059604263,5.218615518,8.645670788,0.487412761,-0.094429824,1.198969715,-0.262601672
13.68185891,8.2914241,8.367512796,16.12372188,11.06129921,5.982011421,10.17798315,14.85031733
1.162837925,2.10168099,4.284301582,7.138977246,-0.17861878,0.334767656,0.789492613,-0.894224347
1.76531277,1.223904987,4.380899813,7.160668046,0.355367535,-0.528843955,0.308464628,-0.742783827
-3.13914252,0.731051608,3.177558631,5.179960815,-4.462305951,-1.491271334,-1.302090849,-7.039254295
2.580127573,3.76635319,4.732064285,9.15291639,0.68451073,1.526153289,1.749522075,0.783799166
-3.732591379,-1.400653973,3.589047052,3.49706025,-3.931132695,-5.106984966,-5.867141514,-7.916508718
4.006564596,3.484089231,4.438606052,8.642250765,2.526316625,2.242848741,2.509943209,2.24530767
3.275273519,-1.869324469,4.241983232,4.294759545,3.619952827,-3.309048966,-2.328535599,0.395506387
4.467016936,2.210949825,5.390270315,6.794224697,3.486241229,0.126544138,2.400532521,2.975721578
-1.668968257,-1.597780907,3.460734153,3.813778765,-1.595648647,-1.90722052,-4.451714844,-5.350136887
-4.823040171,-1.642311345,2.609855222,3.501798988,-5.201366228,-2.735554285,-5.060056118,-9.584437221
9.406083603,4.361767156,5.97905053,11.88667211,7.858851253,1.933673189,4.74642665,9.582297043
8.960745457,0.653628385,5.65285418,8.78620887,9.676517423,-2.438651923,1.939702645,7.940819231
1.511334419,-1.002986714,3.61762039,5.696745665,1.542379797,-3.601500422,-1.146483943,-1.134920001
-4.015812646,-3.591264394,2.838017791,1.301872477,-3.17206148,-6.34524021,-5.204898027,-8.837829662
3.316149277,-3.19680904,3.772621376,3.406197307,5.101106968,-5.120395069,-2.656498537,0.256131843
0.317998214,1.002061466,4.493651275,6.495422911,-0.273242712,-0.988989099,-0.601844492,-2.072544224
3.437515194,5.039933568,5.6612084,10.91147756,1.260923875,4.046263642,3.531812814,1.801694103
6.16563463,2.299667044,5.424917341,9.757041247,4.95366412,-0.493272837,2.795766577,5.014486972
-3.015568822,-0.269025519,3.013128137,3.970639062,-4.081917346,-1.877162155,-2.681102376,-6.139566704
-6.929795722,-3.083396333,1.303202031,0.826425685,-6.967308825,-4.954580639,-7.339033556,-12.13720523
7.860374772,6.862744012,6.604415748,12.65042366,5.295875435,4.884752295,7.95493835,7.233187175
4.098025396,1.560159588,4.845714874,7.956538837,3.717810747,-1.225094137,1.714340543,1.649240461
5.955846486,5.831686936,6.334049424,11.6913641,4.154228174,4.701662023,5.26060478,5.3315834
5.70653518,3.56129542,6.06579388,10.29295558,4.520300389,3.003716476,2.823103481,4.98962295
6.796007693,2.400444795,5.934235724,9.601661045,5.815286807,0.912147391,2.552313766,5.52198353
9.048701663,6.268476115,7.481107738,13.67477351,6.924646494,4.686684362,6.891702299,9.033716676
2.688277021,4.334366075,5.437968876,10.47863061,1.154940238,1.532841076,3.600268003,0.593100435
6.002145196,2.312986385,6.210202334,10.02523112,5.133033229,0.902185046,3.039314087,4.815033535
6.29069429,6.007782917,6.378201721,11.23597513,3.976110164,5.111479239,4.566145386,5.796521572
4.536780255,6.719784663,6.130688261,12.35092685,1.562068803,5.451521534,5.764620797,4.020739508
-1.910453215,0.652797766,4.148681289,4.776209408,-2.77035906,-1.285600002,-1.93970522,-5.375724187
5.068004063,1.821366281,5.552456239,8.894372015,4.223472293,-0.322006288,1.062842689,3.910121746
2.402724797,3.001966279,5.120202895,8.203250379,1.077187001,1.269464543,0.222997682,0.400208223
3.888162315,3.089967091,5.172685032,8.827798049,2.764844658,0.390668402,2.58857441,1.783400672
1.427703981,3.47769966,4.938043258,8.550123454,-0.011133804,0.655073266,2.724737091,-0.604586052
-3.69153094,-0.309362339,2.754393969,3.674451436,-4.460998114,-3.502471215,-4.396984325,-7.100710786
5.113155017,4.388662958,5.790346164,10.30448562,3.893632756,2.110237527,2.674858346,4.148714904
4.851348705,5.034058931,6.083900973,11.56546672,3.161635312,2.492506463,5.366709222,3.288673421
8.154756891,3.79344738,7.174015475,11.31034957,6.804376288,2.57358873,3.602565945,8.061237475
6.500346393,3.295527531,5.734030111,10.11578891,5.693558113,1.143363625,3.948772619,5.63916004
4.716780785,-0.671224117,4.587994686,6.213845752,5.056360083,-2.127193114,-1.081164661,2.528523896
-2.338597553,-2.299934267,3.191226963,1.428152855,-2.352000928,-5.828016876,-3.187529419,-6.270695163
-3.666753083,-3.333416396,2.675434434,1.42934388,-2.952639786,-5.759182433,-5.662593792,-8.126372089
-4.551416666,-3.015377473,2.491470324,1.904937358,-4.130794259,-5.670767577,-4.878600853,-9.151977058
4.683314693,2.019834619,5.396680605,8.736504147,3.954992319,0.593805554,0.771558814,2.720811073
10.90927404,-0.201233698,5.14940157,8.884236883,11.56250662,-1.710229683,0.952011651,10.44922819
10.40225785,9.463940887,8.630652134,15.65876871,6.941389426,9.488089845,9.802049706,11.34751652
1.39797579,3.325735613,5.275237157,8.623691619,0.128596527,2.834028156,1.555518309,-0.346370426
2.223370621,-3.353507675,3.55935594,3.107745374,3.53772686,-4.335029247,-3.412298584,-0.832496869
-3.819775643,-2.708626588,2.389809638,2.880798503,-3.327581336,-4.880000132,-4.332552299,-8.07003078
-2.929198856,0.390230796,3.123264669,5.525860746,-3.706900815,-3.645464648,-0.813278271,-6.312037619
2.454975511,-2.339097429,3.164928897,4.739418071,3.075341737,-4.008421839,-3.297549217,-0.820929774
-1.03198501,-0.211508459,3.638115465,4.996864684,-1.33331831,-2.20399781,-2.931509481,-4.111819451
6.447862657,5.795447454,7.003663443,12.22524294,4.078919131,3.3893815,4.416490339,6.35230077
8.311192762,3.02883008,5.460868402,9.879674998,7.55394911,2.100332028,4.249105589,7.910720149
4.474045171,2.284742941,4.461289566,9.301305763,3.392716095,-1.937609877,0.834214412,2.905436514
4.678234113,-0.282392156,4.916020463,7.240861387,4.72314944,-2.427117025,-0.072718087,2.790522512
-4.551169076,-1.399361947,2.164441616,2.928492757,-4.845607164,-4.723966613,-3.211360634,-8.701361101
2.934752206,-1.463360867,4.166377086,5.584335297,3.481134415,-4.284293563,-0.135832006,-0.042499798
12.26951873,5.198366853,7.127081058,13.33415055,10.84784325,3.515863497,6.61122398,12.57332635
4.261677085,1.053361462,5.304794382,8.028069093,3.653010027,-0.114327,0.291448019,2.083965811
-1.595257191,2.874728789,4.02686929,6.920104372,-3.883172301,0.60053476,0.474498214,-4.493544984
4.654970985,5.456295944,6.095021295,11.42791278,2.129851139,2.924280716,4.446552091,3.998703234
3.166230052,4.715092142,5.787516466,9.890894654,1.491320773,3.886158305,4.639944262,2.052486004
4.454532579,2.223645972,5.550608026,7.992532274,3.568531356,0.605045139,0.566764192,3.226250367
3.636710914,0.891247438,5.149913031,6.969133161,3.255227719,-0.448555265,1.329046138,1.731577311
2.167258473,-1.129346379,4.034810571,4.895716094,2.144033503,-2.48957347,-0.860625976,-0.28011519
1.772930529,1.808699353,3.519989471,8.00723377,0.58204156,0.930406958,1.389379569,-1.041326202
2.522405012,4.183002016,5.486306032,9.144334712,0.158301762,4.080201868,2.913370476,0.902117633
-0.054158404,0.340528231,3.604894262,6.111280199,-1.019708201,-1.085748919,-0.485269067,-3.759431853
6.064404758,2.389059834,5.94614526,8.728002502,4.9328458,0.829168995,0.900755383,5.110577268
-3.171128026,1.893584938,3.100136535,6.671134689,-5.177829863,0.254285764,-1.330559846,-6.614749562
3.906763902,4.331976871,6.168628624,10.22033455,1.755243196,2.802180735,3.949736749,2.864968438
1.228223708,-1.910015922,3.402831752,4.217715088,1.414405125,-3.994362087,-1.777966356,-1.633958081
0.792887061,1.824291392,4.2192728,6.692803396,-0.570047421,-0.046898358,-0.382764885,-1.798167746
5.295983006,3.169468742,5.872139847,8.970969681,4.349943202,1.236039446,3.067846222,3.715992896
2.416961957,1.509501008,5.950203727,7.293521671,1.963471748,-2.117673423,0.009341508,0.097554097
1.034084358,3.797042442,4.481835546,9.437168354,-1.018815755,2.586827352,0.67173807,-1.075902453
2.91391296,1.067304074,5.691924712,7.259322702,2.339776184,-0.441214125,1.391525589,0.75481473
0.274757932,-0.846494143,4.150846537,4.479290019,0.068012211,-2.527230792,-2.283578541,-2.8997554
1.918611043,2.258208504,4.419670434,8.453700497,0.400573595,0.99360935,1.592981862,-0.087918039
1.081564007,2.683407263,5.130577611,7.904494464,-0.590656678,0.285950727,-0.318697044,-1.502892563
2.803271701,1.480481208,4.954847266,7.904819787,1.651758591,-1.267841714,0.566847362,0.618046586
-2.805544543,2.614659937,3.715024571,6.418484947,-4.413124275,0.964133692,1.190361138,-5.948931902
-1.633568137,-2.961005398,2.865091491,2.744007436,-1.117553038,-4.144731055,-4.251980328,-5.597542204
-1.313826578,-1.603485575,2.355836316,2.985108143,-1.034013175,-3.365323434,-2.454198457,-5.141667772
-6.78849736,-8.109892925,0.935539446,-3.453855557,-4.869811196,-10.33677114,-10.4952725,-12.93463573
6.657548733,4.176621616,6.439480836,11.21793064,5.050639624,1.148677103,4.558089574,5.879242111
-1.923557619,-1.696819859,3.406967116,3.824915835,-1.821700673,-3.061336472,-3.676034993,-5.545822044
4.648624286,1.719658863,5.121539249,8.92065201,3.905581376,0.193542283,1.839962796,3.147459948
8.942664388,6.072389727,7.517643202,13.23255456,7.200456953,4.958088499,5.90478759,8.853524481
2.473490797,2.151841022,4.695940642,7.929141137,1.249499958,0.36677944,1.101371031,0.565049066
3.22999923,1.060509567,5.145289854,7.599093619,2.968313976,-1.310136635,0.661104908,1.191798124
3.858393421,0.118935231,4.212164573,7.13287836,3.643026819,-1.57051804,-0.812911746,1.524564388
2.196043411,1.061829104,4.582131777,7.681804923,1.406648926,-0.640404217,0.217250124,-0.269057126
6.366144351,4.285991289,6.286947816,11.68169965,4.676140129,1.354104177,3.48899262,5.722437937
-5.093208851,-3.771021364,2.581791038,1.304282951,-4.674662381,-6.087062549,-5.424881305,-10.55127326
7.309927786,2.897718336,6.061420585,9.938701329,6.709779887,0.465422996,3.069752725,6.699212304
0.620932901,3.4958595,4.964402575,7.704314545,-1.336213752,0.999369487,1.565465732,-1.404019201
-7.154946895,-4.024928096,2.378487147,-0.251093835,-6.479279398,-6.2804178,-6.377535182,-12.76357932
9.869282816,5.249224543,7.675956672,12.3666577,8.179283228,2.738717573,6.347327888,10.54213125
4.116130381,4.050280711,5.338948349,9.642604818,2.418582775,2.158348683,3.220588709,2.715226482
3.041615068,-0.130626599,4.684093673,6.983964862,2.942968318,-1.965865152,-0.224516501,0.932665109
-1.444219968,-2.701714717,3.905903317,2.300764124,-0.972312824,-5.172545545,-4.773287904,-4.454257191
-0.230107212,2.287367375,4.496046739,7.592517201,-1.9147217,-0.009770246,1.701942993,-3.016415295
-7.674302631,1.378080131,2.751017454,3.536626938,-9.68353199,0.655286721,-1.517336075,-11.89488303
6.658659123,4.205552043,6.914637107,10.83856249,5.171058975,3.347625319,5.72982505,4.966417139
3.384406135,3.955828934,5.922182688,9.673529912,1.559990551,1.24492274,1.588350518,1.536496335
-0.151936531,-1.89307893,3.291997543,3.777673877,0.065236736,-3.319269399,-2.768391066,-3.703959132
5.784230589,4.142351941,5.991352063,11.06946272,4.341467527,1.822834805,3.33664678,5.068227149
-3.855485088,-1.237325058,2.438605448,3.254779459,-4.227739212,-3.424970215,-4.10971909,-7.995859446
-1.052657083,-0.542354522,3.584839593,5.476295195,-1.566094676,-2.937895787,-1.12940632,-4.27919867
4.471454399,-1.520810123,5.040766421,5.293797253,5.016742409,-4.559921751,-1.135687724,1.99563735
7.589138423,5.814420006,6.054025902,11.90259323,5.764027554,4.731845333,4.065877927,7.503298975
-1.763251001,1.370671764,4.40458386,6.266125154,-2.815170443,-2.107326079,-0.540779591,-4.077675117
-3.811780068,3.030308042,3.608222229,7.551515561,-5.648807335,0.721530425,-1.11691503,-7.036279527
3.740751409,5.977044404,5.591048732,12.05970928,1.407022985,4.119807997,5.465204734,2.404737727
1.59056609,-1.169494582,3.709547986,5.553945405,1.909949653,-4.358748461,-2.890021816,-1.503437364
8.057861149,4.675597618,5.520525774,12.1382653,6.258784941,3.46248297,5.03871286,7.480610865
3.350229854,2.205184764,5.033839588,8.991113421,2.860406754,0.192187782,1.066845649,1.243979351
0.33316709,3.558084891,4.215925159,9.184878569,-1.605761032,1.493624565,1.355731466,-1.231002408
6.448433622,5.668331402,5.57426799,11.77781668,4.340617743,3.268613495,5.34644776,5.859530793
-0.032110374,3.268949713,4.645641873,8.188499061,-2.169845989,1.082031085,0.458169471,-2.368848187
-2.474334539,-1.379445862,2.927673021,3.183669652,-2.444475615,-2.963110738,-3.320035356,-6.514177467
0.135162634,0.958170093,4.020145293,6.236603968,-0.627015451,-2.350969373,0.6990571,-2.812698296
-1.386935087,1.576104284,4.096853872,6.729850816,-2.615045806,-0.113978788,-0.178589189,-4.126967324
8.243536011,11.09821342,7.969752054,17.13762535,4.198332855,8.202208063,9.552329444,9.146607708
1.850125213,4.793171099,5.151624208,9.372000316,-0.200029761,2.705018153,2.621692285,0.424884595
6.493404162,8.527382824,6.892306097,15.0167738,3.249595499,7.456063773,8.085394134,6.559690977
1.984628182,2.770215383,4.753163093,8.821070872,0.058970831,1.507852317,1.199740447,-0.237035425
1.781457462,2.243968448,4.673856477,8.403592504,0.551165233,-0.397892073,1.881805792,0.046761703
2.221096084,3.30811713,4.641890868,8.990711607,0.565816055,1.550806798,2.355259918,0.363477305
6.862995841,1.682538183,5.051785529,9.36900249,6.49248566,-1.244731597,1.675513286,6.384803577
7.937687033,6.423608506,6.289262074,13.20189873,5.622673554,4.285443134,6.626186008,8.107342353
2.913721064,1.426780254,5.165372828,7.920686148,2.107576879,0.476057627,-0.403798582,0.385848101
-5.612604997,-3.733288152,2.162172637,0.913986,-5.222069371,-6.892273323,-5.086816776,-10.79500158
-1.766215549,2.924733629,4.694966698,7.176603856,-3.667314884,2.206777948,0.134400868,-4.805159872
-7.98894056,-4.627531547,2.056707344,-1.317846824,-7.292522217,-6.161651323,-7.374804137,-13.644293
9.718102249,-0.892992621,5.379090643,7.616435777,10.59351833,-3.856661717,0.28811553,8.494766369
7.455645927,3.802070165,5.732447525,10.48583452,6.35341006,3.083628136,4.015496531,6.946883815
2.142425421,-0.537741935,3.375751008,5.29610595,1.958074587,-2.14084328,-0.089034457,-0.122200567
-2.728179916,-1.498559508,3.009472312,3.139762045,-2.489764515,-3.074736913,-3.990447868,-6.544017312
-1.9163395,0.259883167,4.037335492,5.428366339,-2.917926209,-1.419662087,-1.602980443,-5.194052985
4.213377658,0.996325714,5.807840064,6.943378358,3.643940935,-0.949973527,0.083560103,2.027288754
8.806784875,2.713738347,6.380338426,10.55246709,7.740766098,1.71151191,3.348763205,8.199871849
-3.227774586,1.136216902,3.346327367,5.269263576,-4.630673024,-1.679908438,-1.421230077,-6.566971326
-1.122891966,-1.875510687,3.492218492,2.730361239,-0.713089299,-5.150277547,-3.336474061,-4.626457239
0.215049935,-1.794145076,3.280579339,2.936115829,0.533242599,-3.895237623,-1.982346138,-2.668465306
-9.149684246,-6.181428368,0.953821935,-1.835312725,-8.258638599,-8.322545633,-8.37896266,-15.60254972
5.570000004,1.647361701,5.410578804,8.292236335,5.075948747,-1.03020918,2.166630296,4.201549052
2.667081416,3.602556791,4.630392579,9.494632789,0.861607212,1.737002841,2.120135815,0.501222429
9.235454924,1.90677716,6.041703109,9.855497167,8.524400324,0.294347682,2.600296877,8.831524933
2.442745142,3.171875175,5.341699698,8.446499605,0.829455001,1.788892184,2.736163924,1.341707615
5.704739137,4.061691831,6.661829286,10.84957422,4.574880442,2.949988092,2.894643087,4.95738133
0.394193356,3.972472465,5.123463967,9.096726064,-1.535879175,1.713862006,1.960475396,-2.123893615
2.4753658,4.251864723,6.335773375,9.798301652,0.09354179,2.01674575,2.401686824,0.888008554
-3.070724141,-1.281721178,2.795625269,4.092843041,-3.221385786,-3.33383186,-2.69401264,-7.031177031
2.847644861,-0.148317457,4.628281829,6.404788749,3.105638339,-2.468082951,-0.45425022,-0.012418737
8.298665031,3.411305304,6.266794126,11.11878419,7.247415704,1.387305544,3.663955408,7.376723261
-0.720977774,-0.644587638,3.815262797,4.23987058,-1.069434928,-1.875572437,-1.370718213,-4.551006206
7.656624682,6.866639474,6.350964636,13.76838586,5.319492509,4.73261206,6.916202874,7.345997939
3.745297706,5.58441127,5.823778296,10.25969024,1.196004028,3.633290892,4.315002641,2.946791133
3.592432204,2.427023122,5.039564724,8.245215801,2.565468921,-0.609285145,-0.009045437,1.909475217
6.916824643,1.896532222,5.582492445,9.416873184,6.868935986,-0.729106148,1.587260556,4.956942827
4.499993929,3.609126002,5.448964659,9.543016003,2.816007459,3.023439375,1.957573995,3.481828242
-2.461599338,-0.959938853,3.17774632,4.19044434,-2.78867632,-3.322550576,-3.075778641,-5.883954702
-0.700175979,0.796956268,4.02230061,6.194072495,-1.469790848,-2.804878452,-1.589924271,-4.025868238
1.272643559,0.041354889,4.947602456,5.752101989,0.879521813,-1.932622428,-2.610263636,-1.654899067
2.448854975,2.091185262,4.724381037,8.324576614,1.514500653,-0.731251077,0.67833408,0.466836982
1.775904523,4.411374703,5.259867457,9.786660178,-0.376476246,2.003575531,1.562570274,-0.349182567
5.227393411,4.419287823,5.099671469,10.61038481,3.315555695,2.72738851,3.371378647,3.807758434
10.35178475,6.625591392,7.503167464,14.42838869,8.197075569,5.67955951,7.062317925,10.45230148
0.151160453,-0.99672793,3.874492229,4.663214453,-0.306797891,-2.166230021,-1.061763937,-2.847590792
2.532062694,2.460192761,4.651729643,7.622886145,1.317723865,-0.853807802,0.191146227,0.533497126
-7.770156193,-2.981390084,2.000228698,0.951018551,-7.343063093,-3.922636752,-6.462493773,-13.15019225
0.657206776,2.459827194,4.466981118,7.974190221,-0.826092342,-0.783373084,1.558936852,-2.071189049
-1.926430516,1.424008338,3.796692392,5.79507162,-3.173214485,0.788347021,-0.947150627,-5.093207725
4.046667075,5.649416323,5.345443129,11.84418187,1.854901274,2.87867629,5.10770908,2.674090741
7.296554674,5.930781963,7.063464656,11.78917797,5.283172568,3.646426534,5.346500478,7.342309847
10.40155987,5.508282231,6.715351406,12.57484111,8.762055988,5.36381617,5.299870761,9.986064932
9.176710899,2.526321509,6.347321053,10.34994265,8.559275829,0.719877177,2.700100764,8.28867094
1.577970156,0.409039106,4.466584868,5.254817142,1.129702051,-0.230591624,0.116269002,-1.419736104
-2.382000318,-4.295512137,2.987461929,0.540853751,-1.281301987,-6.286169934,-6.106043941,-6.364837685
5.351255188,1.361952737,5.738751868,8.097468702,4.856735128,1.184720407,2.31550102,3.953403876
1.839061615,-2.203153615,3.261333216,4.915577412,2.534091269,-3.99183951,-3.102333813,-1.456334983
7.909985413,5.437473045,7.340337643,13.0137928,5.95680332,3.315769978,5.070984926,7.488772519
7.917794663,5.540360387,6.966928829,11.84657974,5.776566119,1.989881341,5.370944385,7.734764625
-2.642617849,0.970951431,3.183204924,5.117341374,-3.936990416,-0.133176444,-0.94697506,-5.91319041
4.397329106,1.340018898,4.667111657,8.135533692,3.92568211,-0.244663607,1.749989869,1.746409202
2.933096762,2.196956617,4.846781494,8.728281813,1.98699624,0.164079319,0.921286553,0.37312095
3.180397868,5.785102264,5.576868465,12.57941191,0.436892112,5.245963491,5.296745039,1.860516131
2.922079271,5.25839059,6.13827128,10.82875347,0.304722371,4.560924202,3.301489521,1.932852863
7.262202146,1.792678491,6.342337231,9.621512556,6.470787421,-0.75714501,3.001532502,6.193723173
0.094219099,1.761604697,4.464321983,6.672636191,-0.864294437,-0.511583327,-0.464658368,-2.854591397
-4.178432876,-2.490565666,3.155865581,1.670485227,-3.880351158,-5.515133253,-4.937203306,-8.368636609
4.659577392,3.216662901,5.670329532,9.697733913,3.420102124,2.079620276,1.085363268,3.068038645
12.50396384,6.05322093,8.413140188,14.37092502,10.9807584,4.03627385,7.354193319,12.91694552
4.921105487,4.67779373,6.534910656,10.34887645,2.996441937,2.970691626,3.521603124,3.855205106
1.160125685,-2.190621647,3.142704322,4.609618706,1.734241622,-4.601054187,-2.560329578,-2.18204901
0.256990043,2.700934975,4.984518863,8.347342833,-1.101549404,1.226726678,1.517476902,-2.229614332
7.987642664,1.228619322,5.993984792,8.957179492,8.020984241,-0.747157279,1.963972724,6.48472687
2.753270103,0.955684268,4.638551982,7.809999232,2.644140368,-0.738785582,-0.169194581,0.498538536
6.700135803,4.828371102,6.738555534,11.15827917,4.711776269,3.82114367,5.471332803,5.796174695
-0.213315809,1.839173077,4.121094147,6.318960959,-1.487126577,-0.169693778,-1.136055563,-3.190725849
6.091139618,2.417910308,5.407377884,8.572314088,5.342230517,-1.223580283,1.822602458,5.066028329
5.788949709,4.285823263,6.279111265,10.801849,3.927087807,2.860671418,4.397907096,4.762584719
1.640383418,5.594480412,5.425525526,10.41851593,-1.29244822,4.075649614,3.061768627,-0.25677519
1.909757669,0.155276276,4.464039279,6.43196067,1.568739905,-1.467238891,-0.200026795,-0.268272678
-1.507150528,-2.554029875,3.772935481,3.588826905,-1.296537057,-4.12540308,-4.569630426,-5.539074938
1.108389314,-1.317259142,3.699233531,5.002385471,1.274735573,-2.79829382,-2.428554528,-1.912433097
0.107505411,-0.969001528,3.926022513,4.968499297,-0.141271057,-2.229692819,-2.778566739,-3.422392638
0.904160243,-0.083583244,4.52272818,4.758046881,0.549268862,-2.128038928,-1.90206721,-1.37552958
0.022590377,2.745879063,3.961133952,7.401621667,-1.534284825,0.214703428,0.336164868,-1.846892334
-2.472315063,-4.622473962,2.642383279,0.98414546,-1.83204773,-5.679722359,-5.382508108,-6.879472993
6.554554798,3.426652936,5.917676411,11.01353991,5.457022389,1.167720099,2.028051032,5.32468716
8.413154322,1.291975599,6.194888683,9.248513385,7.788534036,-1.223104018,2.310693177,7.683935351
0.55373982,4.254600689,5.070070877,8.190915527,-1.490360082,2.763459736,0.978329766,-1.397954629
10.79931979,1.720883175,6.536410913,11.01003661,10.65852156,0.503203374,2.974630784,10.29666495
9.102605045,3.354016702,6.122941964,11.32246104,8.159229211,1.203124186,4.010366453,9.136775029
1.788767646,-0.726951013,4.69260867,5.532135654,2.047891906,-1.868290892,-0.625686423,-0.606317537
0.419117899,-0.200780017,4.763674207,5.111314799,-0.201222158,-2.126101378,-2.424024789,-2.498436128
-0.341538913,0.54621059,4.28737686,6.427707786,-1.1951895,-0.150168756,-1.360653515,-3.091345808
5.894821575,2.109708633,6.02660911,8.556998352,4.946488957,0.153348235,2.758034231,4.472581305
-0.835350539,-0.248614444,3.804699303,6.132189508,-0.986284583,-2.285960812,-2.800890737,-3.930736083
3.417505652,4.961916476,5.469221929,10.37027088,1.549749583,2.975564083,2.188539506,2.317715473
7.634918987,4.577829572,6.524063005,10.93194317,6.229237801,4.085630924,4.798436845,7.415298719
8.444130067,7.983358055,6.514737907,13.76078239,5.28066191,5.665485089,7.113043251,8.483445656
6.031987965,2.293293244,6.449077378,8.805094644,5.215575742,-0.09824589,3.135238798,4.687006496
7.156237099,5.810447659,7.036622321,12.23359838,5.192985409,3.931189509,4.493549907,6.926354264
-2.81349438,-4.946308345,1.583474109,0.709805063,-1.630743992,-6.351195518,-6.077416586,-7.694233433
2.233556535,3.30646196,4.468237862,8.531782702,0.450353374,0.636641963,2.145491502,0.313462523
6.940369685,3.907514824,6.455522973,10.99092721,5.865208999,1.540738022,3.705526715,5.90037232
-0.434093021,0.255989743,3.87413657,5.148574103,-1.176864258,-2.923374634,-1.575710166,-3.566195748
9.143476298,5.244228913,6.866786082,12.597495,7.521174614,2.721089362,4.69644604,9.098954334
7.905879354,5.419001733,5.8672629,12.08149771,6.449336757,3.316295409,4.82645261,7.3698305
6.223816014,5.356046909,6.384076178,11.99352994,4.539038862,2.992553001,5.166994433,5.784168666
3.851203999,3.130963496,5.513289898,8.486404183,2.392593733,-0.273907372,3.032662274,2.322569445
5.680692385,4.381801008,6.284241,11.01446003,4.218002717,2.001580486,3.636704371,5.096016505
15.74910391,3.485010605,7.116311259,12.51608532,15.77669383,0.683131946,6.286029098,16.58891744
0.380011528,-1.165506266,4.302525905,4.063992667,0.260653567,-4.115042595,-2.120050725,-2.930012023
-3.761408342,-0.448466013,2.644986326,4.590246637,-4.296872951,-2.342425805,-1.506522914,-7.517949731
11.037965,4.449034914,7.131923322,13.25245009,10.22873036,2.31740494,4.98253176,11.3041273
7.35576885,5.331795943,7.317452524,11.86199055,5.596661222,3.39064399,5.011001731,7.240516611
-1.161654463,-1.105028215,4.226324081,4.438471724,-1.128999962,-2.909908659,-3.519527457,-4.936473064
12.48162505,3.239104741,7.321961591,11.16737744,11.98015456,1.269872447,4.130248041,12.78328864
11.14359703,11.54994853,9.056385755,17.22007992,6.915598759,9.067570649,11.12285953,12.2763428
2.922495804,0.338900389,4.095342274,7.307826885,2.405712219,-0.813971806,0.061861426,0.813076321
3.73997829,6.998161209,6.554492777,12.57979169,1.125840199,6.382811803,5.586760274,2.524296369
0.661220488,3.77447718,5.353038936,8.736296512,-1.283827751,0.911057774,2.06463614,-1.44466501
-5.193709567,-1.359058923,2.159201467,2.530973751,-5.462165056,-4.297746014,-4.881754604,-9.052828384
1.096036724,1.180482541,4.540030455,6.213378799,-0.005802216,-0.87247986,0.262618351,-1.386589176
-1.632374528,0.456991429,5.160914527,4.969779035,-2.790521469,-3.208697067,-2.097582553,-5.113139092
6.536411467,3.913189185,6.602138857,11.46342682,4.645094394,1.66961741,3.498090462,5.48798351
4.463861985,5.808369288,6.670455374,11.34175577,2.15223194,2.186752795,2.864201759,3.5292871
6.777204795,-1.295722047,5.43471352,6.909358219,7.002361302,-3.798039098,-1.115312966,5.089591622
13.08311147,9.509203639,7.955396763,17.13956259,10.35710481,6.663087813,8.798028534,14.40084607
5.200953987,4.389817308,4.992345781,9.993560599,3.66695197,2.683575352,3.415422088,4.28392156
0.764749735,0.225412271,4.128238881,4.932151095,0.381633475,-2.197432416,-1.865320363,-2.273010903
7.349020835,2.757879636,5.51826847,10.45170686,6.692069096,1.015489066,2.609155294,6.391704538
-0.991090772,1.78481567,3.43080495,6.7170706,-2.307831637,0.310087802,-0.20936744,-3.753102658
6.282223873,3.418021439,5.900555332,11.65952144,4.623821808,2.214484622,2.262797344,5.165478646
2.731691307,4.837228302,5.747680225,10.18924123,0.499105126,2.106920062,3.78607182,1.238795363
3.593415681,4.904953554,6.81634689,10.79542552,1.35327221,3.692800194,4.111999212,2.515915303
-0.41996649,0.241776084,3.739704061,5.653740611,-0.792904944,-1.912019596,-1.544057461,-3.531531148
5.060189251,2.251909264,5.490944936,8.437487866,4.242217064,1.09601373,1.623331225,2.856973649
1.367931494,3.538830061,6.259711496,8.236785627,-0.295938607,2.182727247,1.525004532,-0.508849659
-1.012645247,1.205494599,3.538185744,5.730833315,-2.208816111,-1.019138673,-0.345497184,-4.289744127
7.500376763,5.864919719,6.815861669,13.0211801,5.169394008,5.244050946,5.575009484,7.291615391
-0.064813752,-0.438138416,3.756498615,4.813725803,-0.324417782,-1.677120374,-2.434220857,-3.342371317
5.379511843,3.764554193,6.492011921,9.65364495,3.830380406,1.97880336,2.58049265,4.539507616
2.18040637,2.514428028,4.992303969,8.073828364,1.159295086,0.214752335,0.818766934,-0.341329672
6.884197189,6.356548803,7.297113896,12.37617875,4.396542168,4.669134714,5.294903972,6.322114234
-9.956543916,-4.695813943,1.295938255,-1.22214036,-9.762384813,-5.451256217,-8.474785866,-15.74783599
4.854936752,2.512785948,5.845569764,8.000040585,3.820524295,-0.084430608,2.037753865,3.530805147
10.53261665,4.17006001,6.070888203,11.26960286,9.684138168,1.366528551,4.442057931,10.40822986
2.473107456,-4.021077819,3.330641409,3.083298011,3.701852512,-5.74222351,-3.344929982,-0.978943473
9.126138284,6.765999003,6.497384473,13.17960441,6.872581585,4.964400161,6.355947717,8.950946438
7.671901723,10.32493546,6.813718283,15.62586302,3.554711477,8.744000312,9.213200657,8.273628937
3.258081842,1.591643313,5.404532773,8.589674496,2.516228843,-0.118415572,0.376636415,0.826533285
4.543110415,3.256987605,6.053219771,9.990718753,3.187407096,0.391417725,2.820513619,3.768157808
2.450546833,0.738457478,4.563268916,6.687281571,1.831177091,0.216810289,-1.098343933,0.014710186
0.441784923,2.161060554,4.058651663,6.889972166,-0.908645557,0.839538565,-0.580636579,-1.833251657
0.840710491,0.425888365,4.790121824,5.684909403,0.216575992,-1.212505532,-1.358498637,-1.724520983
2.085786113,1.504434311,5.635776207,8.452176337,1.198614605,-0.115151386,1.91637122,0.071042343
4.318380844,6.228605083,6.48920393,11.82769684,2.297007391,4.765781805,6.063809216,3.30902287
4.662931194,0.24272658,4.578530773,7.26604826,4.709463093,-1.100604032,0.636759764,3.15959818
11.99303259,2.938169496,6.737809627,11.36358957,11.91546079,1.229866736,4.217604519,12.03716203
-2.441819397,0.370879067,3.952357465,5.690765773,-3.035944691,-1.868217021,-2.205622371,-5.781179499
3.231883177,1.75122347,5.026982639,7.474390435,2.323389157,-0.836638052,0.684492448,1.321564786
0.116071505,4.903678187,5.510148808,9.063262148,-2.427608044,1.824496662,2.606595124,-1.551726807
12.26133657,9.580821631,7.842813798,15.80462945,8.907459431,6.704034662,10.74892796,13.96684394
6.691306413,0.450124342,6.19979285,7.121518996,6.466391392,-2.024670421,1.348926001,5.06919481
-4.927883567,-1.521077882,2.552493107,2.886578142,-5.348354926,-2.47924227,-3.244279319,-9.836085312
11.81157525,5.381976657,7.108510223,13.40490998,10.2767754,4.171330028,5.632091064,12.01236518
-2.114992483,-0.314512613,2.947123778,5.073232248,-2.654438259,-1.756865237,-3.85960782,-6.088554361
7.906295651,8.238029757,7.647557225,14.17566755,4.93088515,7.15655648,7.181583739,7.684513095
10.66898433,8.058975228,7.566711298,15.33372459,7.792910067,6.618904055,7.233745892,11.52509605
4.723565785,3.777028662,5.569113419,10.34608156,3.081705105,1.540007638,3.140712745,3.145489302
13.31002407,6.014051977,7.670655823,15.2455959,12.09395983,3.193288834,6.323263004,14.5748978
13.31565442,3.670094814,6.894295071,12.44674443,12.61128203,2.178517708,5.795252157,13.93607623
5.097466308,4.486684751,5.547766114,10.47552462,3.132227295,3.550535297,3.220591789,3.784611927
-2.376294029,3.405026072,4.160781845,7.612309541,-4.551935788,0.305386975,0.787597125,-5.164923156
1.832414363,2.084850424,5.861290052,7.73183099,0.748957811,-0.654957105,0.578402697,-0.118641531
3.456605757,6.971533587,5.891708717,12.00273391,0.457860804,3.729690785,6.061068537,2.621308802
1.288380707,3.390448466,5.305227589,9.41991984,-0.474204712,0.654380546,0.709778595,-1.022684502
-1.722651848,0.431026098,3.29118003,6.033586654,-2.689965285,-2.229334777,-1.813125203,-4.471267946
4.064810957,3.212451543,5.885707657,9.009828007,2.922669367,2.360040539,1.251355699,2.575194737
13.6246985,7.223773031,8.65122343,15.91684862,11.69206498,4.899353019,7.354309037,15.35627247
-0.660123896,0.1023466,4.24375027,5.995807571,-1.412502958,-2.589811943,-0.705925047,-3.41345885
1.708457028,1.541527798,4.819822917,6.715909209,0.642364581,-0.054432816,-0.053443748,-0.599774933
12.41549829,10.17961897,7.627161962,16.91654753,8.688969767,9.086670866,10.50302172,13.87099264
6.896059018,1.770543914,5.668102183,8.831174704,6.604207019,-1.091834901,1.557749537,5.357619779
6.840349897,5.447425304,6.732576844,11.92512818,4.866872096,2.812263841,5.024720743,6.693825859
8.729744352,5.646080157,5.939533303,12.56627217,6.873491403,3.020930396,5.372031945,8.997410418
9.641792075,7.637843589,7.250240607,14.45649524,7.107916529,5.35541362,7.610289835,10.13155673
2.526658138,3.344860718,5.743027578,8.912698913,0.737324693,1.116976757,1.168909864,0.502097321
-0.212845679,-4.982554907,2.980577118,0.985398488,1.064912897,-7.106814205,-5.775200156,-4.210486208
0.100629398,-0.944107869,4.526496265,4.40452413,-0.012102111,-2.917306357,-1.109970323,-3.273572407
0.441725184,2.624953634,4.44270268,7.908903901,-1.152423611,0.779963422,1.260613143,-2.079735441
6.066860493,3.233810121,6.511857546,9.943586318,4.382827917,1.458236028,3.179428493,4.857372126
7.213347083,7.872170339,7.109801719,13.81439747,4.076879948,5.963890089,6.41601216,7.261516383
5.066351145,5.96970182,6.558322858,10.98819701,2.711086357,4.575300018,5.011573503,4.265335425
5.169663638,3.920071471,5.067694711,10.17892385,3.879265806,1.399858409,1.585731103,4.271086314
7.11052819,3.258441869,5.33076078,10.41408734,6.05141421,1.381417207,3.914691109,5.929265975
1.472472751,-2.048084826,4.088632245,3.444091017,2.052456064,-4.197106786,-3.056041189,-1.325379182
7.487047067,7.828543658,6.878356288,13.87806179,4.544737081,4.479066808,7.005970564,7.901957802
4.387891392,2.717228493,4.501221173,8.948635549,3.295417412,0.89318817,3.45270957,2.973741972
0.122145909,-2.609160703,3.278684703,3.869852699,0.768019593,-5.031426543,-3.134569414,-3.289698482
0.758118056,2.436226869,4.481041007,7.380665459,-0.846312443,0.637186372,1.547895369,-1.952142131
6.350810436,3.1125915,5.462351084,9.562163399,5.462019719,0.733585698,3.568064194,5.472693302
7.48769479,1.660254755,5.215149602,8.699159252,6.730808322,0.438649506,1.862097725,6.35231588
1.841645895,2.789362545,5.069846292,7.520718613,0.347443507,0.295956006,1.369817445,-0.316714841
9.305031227,1.856712482,6.388061344,9.765275343,8.956947514,-0.903387248,2.764241844,8.708152662
-0.40036759,-2.236821757,3.07448232,3.759657412,0.278576591,-4.643302419,-3.653070393,-3.717767987
-1.476208579,-3.480455154,3.663820328,1.847763822,-0.7923239,-5.81007746,-4.912490111,-4.85376451
-1.314052791,-0.04106711,3.494886073,4.63624274,-1.303649399,-1.607209243,-3.198170554,-4.518742979
-1.414177556,-0.605079259,2.590220268,3.944081713,-1.851478433,-2.8605358,-2.424044066,-5.319470318
0.045829702,2.307622313,4.498627154,7.315602411,-1.516063141,-0.966422411,0.307645141,-2.91265899
1.40011833,-2.118439323,4.258073572,4.732710399,2.382166294,-3.324039514,-3.930764924,-2.114749331
8.969915559,3.039139146,5.440028311,9.155282525,8.176145178,0.724751053,3.169793609,7.978180986
2.103109207,-2.0004412,4.961101678,3.406056202,2.553145171,-3.980723394,-3.3971839,-1.042675875
10.04777518,8.191387915,7.518609052,15.6569815,7.255898178,5.929656401,8.261397097,10.984547
8.127044715,3.014792822,5.813433167,9.973543048,7.048540484,1.264991424,2.595924818,7.176487981
-4.551765272,3.286812822,3.868528125,6.647513368,-7.066038173,0.986045676,-0.030311097,-8.039906578
3.31679745,3.099466322,5.057635278,9.738828176,1.694865035,0.799759581,2.039696951,1.161009997
6.236203172,5.090200367,6.736478611,12.19345377,4.334765789,2.703326864,4.78080473,5.619632695
3.56164158,-0.731289036,5.226986763,5.986980618,3.944999258,-1.059042956,-0.518153199,1.15624173
0.306961496,4.502810255,5.171396349,9.491682442,-1.717557487,2.397789592,1.390931639,-1.855851392
1.873869707,5.313860701,5.443908393,10.44020064,-0.47377008,3.048353176,3.228169807,0.325235433
2.013222245,-3.405932866,2.862207577,3.587578904,3.327609037,-5.881118947,-4.838596991,-1.421536191
2.184610562,1.298555816,4.325044126,7.052550672,1.886203597,-0.346028625,-0.377180129,0.068709205
3.891755091,0.622373036,4.911914464,6.396684425,3.691716146,-1.635181303,0.157752069,2.447439722
-0.526547723,1.623770475,3.196779843,6.832650843,-1.491618299,-0.064469019,-0.856852144,-3.203590521
-5.218264235,-2.193556696,1.989004379,2.494444028,-5.446113181,-3.975304677,-4.220760463,-9.374913141
6.590915113,3.490415866,6.114998406,10.15816446,5.565742476,1.478676111,2.502127738,5.795694894
8.961045255,4.974251204,6.174448038,11.89346344,7.143038333,2.341145031,4.710882704,8.787324477
10.0074947,4.40961694,6.491158311,11.2711551,8.706254668,2.969814939,6.07217757,10.56335969
-3.354160754,0.08574843,3.500093991,4.312159216,-4.420299883,-1.371154424,-1.876262558,-7.522344303
-4.931790524,-3.038948025,2.468454209,1.15884723,-4.749448162,-5.4115194,-6.87836578,-9.702138794
-2.772745129,0.654727494,3.643003287,5.036522338,-3.43593765,-2.105023332,-1.827012448,-5.7865652